movie_id,title,release_date,rating,popularity,release_year,genres,category
129,Spirited Away,2001-07-20,8.5,30.4319,2001,"Animation, Family, Fantasy",Fairy Tale
497,The Green Mile,1999-12-10,8.5,27.8367,1999,"Fantasy, Drama, Crime",Fantasy Epic
122,The Lord of the Rings: The Return of the King,2003-12-17,8.5,33.4367,2003,"Adventure, Fantasy, Action",Sword and Sorcery
120,The Lord of the Rings: The Fellowship of the Ring,2001-12-18,8.4,33.9804,2001,"Adventure, Fantasy, Action",Sword and Sorcery
40096,A Dog's Will,2000-09-15,8.4,5.9552,2000,"Comedy, Drama, Fantasy, Romance",Fantasy Epic
121,The Lord of the Rings: The Two Towers,2002-12-18,8.4,25.8225,2002,"Adventure, Fantasy, Action",Sword and Sorcery
4935,Howl's Moving Castle,2004-09-09,8.4,23.9173,2004,"Fantasy, Animation, Adventure",Fantasy Epic
1218925,Chainsaw Man - The Movie: Reze Arc,2025-09-19,8.3,29.6382,2025,"Animation, Action, Romance, Fantasy",Sword and Sorcery
128,Princess Mononoke,1997-07-12,8.3,15.5974,1997,"Adventure, Fantasy, Animation",Fantasy Epic
620249,The Legend of Hei,2019-08-27,8.3,8.6008,2019,"Animation, Fantasy, Action",Sword and Sorcery
533514,Violet Evergarden: The Movie,2020-09-18,8.3,8.2958,2020,"Animation, Drama, Fantasy, Romance",Fantasy Epic
1585,It's a Wonderful Life,1946-12-20,8.3,13.3956,1946,"Drama, Family, Fantasy",Fantasy Epic
1139087,Once Upon a Studio,2023-09-24,8.3,8.5187,2023,"Animation, Family, Fantasy, Drama, Comedy",Fairy Tale
18491,Neon Genesis Evangelion: The End of Evangelion,1997-07-19,8.3,10.5768,1997,"Animation, Sci-Fi, Drama, Fantasy",Fantasy Epic
572154,Rascal Does Not Dream of a Dreaming Girl,2019-06-15,8.3,6.7352,2019,"Animation, Romance, Drama, Fantasy",Fantasy Epic
92321,Hotarubi no Mori e,2011-09-17,8.3,0.0073,2011,"Romance, Animation, Fantasy",Fantasy Epic
110420,Wolf Children,2012-07-21,8.2,5.7797,2012,"Animation, Family, Drama, Fantasy",Fairy Tale
618344,Justice League Dark: Apokolips War,2020-05-05,8.2,8.3707,2020,"Animation, Action, Adventure, Fantasy",Sword and Sorcery
315162,Puss in Boots: The Last Wish,2022-12-07,8.2,19.7036,2022,"Animation, Adventure, Fantasy, Comedy, Family",Fairy Tale
635302,Demon Slayer -Kimetsu no Yaiba- The Movie: Mugen Train,2020-10-16,8.2,10.934,2020,"Animation, Action, Fantasy",Sword and Sorcery
441130,Wolfwalkers,2020-10-26,8.2,12.3605,2020,"Animation, Family, Adventure, Fantasy",Fairy Tale
537061,Steven Universe: The Movie,2019-10-07,8.2,4.2559,2019,"Animation, Family, Adventure, Fantasy",Fairy Tale
490,The Seventh Seal,1957-02-16,8.2,5.5328,1957,"Fantasy, Drama",Fantasy Epic
476292,Maquia: When the Promised Flower Blooms,2018-02-24,8.2,5.2535,2018,"Animation, Fantasy, Drama",Fantasy Epic
592350,My Hero Academia: Heroes Rising,2019-12-20,8.1,6.2527,2019,"Animation, Action, Fantasy, Adventure",Sword and Sorcery
980477,Ne Zha 2,2025-01-29,8.1,24.4864,2025,"Animation, Fantasy, Adventure",Fantasy Epic
810693,Jujutsu Kaisen 0,2021-12-24,8.1,14.3492,2021,"Animation, Action, Fantasy",Sword and Sorcery
149871,The Tale of The Princess Kaguya,2013-11-23,8.1,5.8256,2013,"Animation, Drama, Fantasy",Fantasy Epic
508442,Soul,2020-12-25,8.1,14.536,2020,"Animation, Family, Drama, Fantasy",Fairy Tale
791373,Zack Snyder's Justice League,2021-03-18,8.1,14.7682,2021,"Action, Adventure, Fantasy",Sword and Sorcery
823219,Flow,2024-08-29,8.1,16.3215,2024,"Animation, Adventure, Fantasy, Family",Fairy Tale
664767,Mortal Kombat Legends: Scorpion's Revenge,2020-04-12,8.1,8.1236,2020,"Animation, Action, Fantasy",Sword and Sorcery
12445,Harry Potter and the Deathly Hallows: Part 2,2011-07-12,8.1,22.8262,2011,"Adventure, Fantasy",Fantasy Epic
610892,Violet Evergarden: Eternity and the Auto Memory Doll,2019-09-06,8.1,3.9957,2019,"Drama, Fantasy, Animation",Fantasy Epic
8392,My Neighbor Totoro,1988-04-16,8.1,14.7405,1988,"Fantasy, Animation, Family",Fairy Tale
663558,New Gods: Nezha Reborn,2021-02-06,8.1,4.9982,2021,"Animation, Fantasy, Action",Sword and Sorcery
640344,Me Against You: Mr. S's Vendetta,2020-01-17,8.1,1.0506,2020,"Family, Fantasy",Fantasy Epic
532067,KONOSUBA – God's blessing on this wonderful world! Legend of Crimson,2019-08-30,8.0,5.2534,2019,"Animation, Adventure, Comedy, Fantasy",Fantasy Epic
518068,Along with the Gods: The Last 49 Days,2018-08-01,8.0,5.7149,2018,"Action, Adventure, Fantasy, Thriller",Dark Fantasy
638507,How to Train Your Dragon: Homecoming,2019-12-03,8.0,8.0358,2019,"Animation, Fantasy, Adventure, Family",Fairy Tale
397567,Along with the Gods: The Two Worlds,2017-12-20,8.0,7.3015,2017,"Action, Adventure, Drama, Fantasy, Thriller",Dark Fantasy
803796,KPop Demon Hunters,2025-06-20,8.0,43.8176,2025,"Fantasy, Comedy, Animation",Fantasy Epic
555604,Guillermo del Toro's Pinocchio,2022-11-09,8.0,8.0222,2022,"Animation, Fantasy, Adventure, Drama",Fantasy Epic
14696,Ugetsu,1953-03-26,8.0,2.9606,1953,"Fantasy, Drama",Fantasy Epic
673,Harry Potter and the Prisoner of Azkaban,2004-05-31,8.0,22.8558,2004,"Adventure, Fantasy",Fantasy Epic
110416,Song of the Sea,2014-06-23,8.0,4.9139,2014,"Family, Animation, Fantasy",Fairy Tale
140420,Paperman,2012-11-02,8.0,2.0768,2012,"Animation, Family, Romance, Comedy, Fantasy",Fairy Tale
568160,Weathering with You,2019-07-19,8.0,7.9503,2019,"Animation, Drama, Fantasy, Romance",Fantasy Epic
10515,Castle in the Sky,1986-08-02,8.0,7.9602,1986,"Adventure, Fantasy, Animation, Action, Family",Fairy Tale
81,Nausicaä of the Valley of the Wind,1984-03-11,7.9,8.2734,1984,"Adventure, Animation, Fantasy",Fantasy Epic
29264,The Exterminating Angel,1962-05-16,7.9,1.8289,1962,"Comedy, Drama, Fantasy",Fantasy Epic
726684,Miraculous World: Shanghai - The Legend of Ladydragon,2021-05-15,7.9,2.9228,2021,"Animation, Fantasy, Action",Sword and Sorcery
1087192,How to Train Your Dragon,2025-06-06,7.9,27.0754,2025,"Fantasy, Family, Action, Adventure",Fantasy Epic
315465,The Boy and the Beast,2015-07-11,7.9,5.5426,2015,"Action, Adventure, Animation, Drama, Family, Fantasy",Fairy Tale
122906,About Time,2013-09-04,7.9,10.545,2013,"Drama, Romance, Fantasy",Fantasy Epic
14836,Coraline,2009-02-05,7.9,33.7858,2009,"Animation, Family, Fantasy",Fairy Tale
671,Harry Potter and the Philosopher's Stone,2001-11-16,7.9,31.8187,2001,"Adventure, Fantasy",Fantasy Epic
615453,Ne Zha,2019-07-26,7.9,8.8429,2019,"Animation, Fantasy, Adventure",Fantasy Epic
916224,Suzume,2022-11-11,7.9,8.2204,2022,"Animation, Drama, Adventure, Fantasy",Fantasy Epic
183011,Justice League: The Flashpoint Paradox,2013-07-30,7.9,7.1761,2013,"Animation, Sci-Fi, Action, Adventure, Fantasy",Sword and Sorcery
667520,A Whisker Away,2020-06-18,7.9,5.0389,2020,"Animation, Drama, Romance, Fantasy",Fantasy Epic
505262,My Hero Academia: Two Heroes,2018-08-03,7.9,5.8266,2018,"Animation, Action, Adventure, Fantasy",Sword and Sorcery
961323,Nimona,2023-06-23,7.9,7.5847,2023,"Animation, Family, Adventure, Fantasy, Comedy, Action, Drama, Sci-Fi",Fairy Tale
32085,Vincent,1982-10-01,7.9,1.155,1982,"Animation, Fantasy",Fantasy Epic
10191,How to Train Your Dragon,2010-03-18,7.9,15.2468,2010,"Fantasy, Adventure, Animation, Family",Fairy Tale
33320,Millennium Actress,2002-09-14,7.8,4.0789,2002,"Drama, Animation, Romance, Fantasy",Fantasy Epic
2062,Ratatouille,2007-06-28,7.8,19.0488,2007,"Animation, Comedy, Family, Fantasy",Fairy Tale
178682,The Wizards Return: Alex vs. Alex,2013-06-01,7.8,5.899,2013,"Family, Comedy, Fantasy",Fantasy Epic
16859,Kiki's Delivery Service,1989-07-29,7.8,14.2182,1989,"Animation, Family, Fantasy",Fairy Tale
445030,No Game No Life: Zero,2017-07-15,7.8,4.6068,2017,"Adventure, Animation, Drama, Fantasy, Romance",Fantasy Epic
9479,The Nightmare Before Christmas,1993-10-09,7.8,11.4921,1993,"Fantasy, Animation, Family",Fairy Tale
550205,Wish Dragon,2021-01-15,7.8,9.1801,2021,"Animation, Family, Comedy, Fantasy, Romance, Adventure",Fairy Tale
22,Pirates of the Caribbean: The Curse of the Black Pearl,2003-07-09,7.8,21.8846,2003,"Adventure, Fantasy, Action",Sword and Sorcery
83564,La luna,2012-02-10,7.8,1.9541,2012,"Animation, Family, Fantasy",Fairy Tale
762,Monty Python and the Holy Grail,1975-04-03,7.8,8.8972,1975,"Adventure, Comedy, Fantasy",Fantasy Epic
527774,Raya and the Last Dragon,2021-03-03,7.8,11.9174,2021,"Animation, Family, Fantasy, Adventure, Action",Fairy Tale
674,Harry Potter and the Goblet of Fire,2005-11-16,7.8,22.2917,2005,"Adventure, Fantasy",Fantasy Epic
11621,Porco Rosso,1992-07-18,7.8,6.2632,1992,"Animation, Adventure, Fantasy",Fantasy Epic
568012,One Piece: Stampede,2019-01-03,7.8,3.6796,2019,"Animation, Action, Adventure, Fantasy",Sword and Sorcery
5961,Fanny and Alexander,1982-12-17,7.8,2.4205,1982,"Fantasy, Drama",Fantasy Epic
508943,Luca,2021-06-17,7.8,12.9166,2021,"Animation, Family, Fantasy, Comedy, Drama",Fairy Tale
14069,The Girl Who Leapt Through Time,2006-07-15,7.8,5.517,2006,"Fantasy, Animation, Drama, Sci-Fi",Fantasy Epic
14282,Ninja Scroll,1993-06-05,7.8,5.2959,1993,"Fantasy, Animation, Action",Sword and Sorcery
141,Donnie Darko,2001-01-19,7.8,11.9113,2001,"Fantasy, Drama",Fantasy Epic
1417,Pan's Labyrinth,2006-10-11,7.8,10.1551,2006,"Fantasy, Drama",Fantasy Epic
144,Wings of Desire,1987-09-23,7.8,4.0734,1987,"Drama, Fantasy, Romance",Fantasy Epic
808,Shrek,2001-05-18,7.8,26.3255,2001,"Animation, Comedy, Fantasy, Adventure, Family",Fairy Tale
28162,A Matter of Life and Death,1946-12-15,7.8,5.364,1946,"Romance, Fantasy, Drama, Comedy",Fantasy Epic
587,Big Fish,2003-12-10,7.8,10.6322,2003,"Adventure, Fantasy, Drama",Fantasy Epic
12429,Ponyo,2008-07-19,7.8,9.0078,2008,"Animation, Fantasy, Family",Fairy Tale
24480,Partly Cloudy,2009-05-28,7.8,2.1925,2009,"Animation, Family, Comedy, Fantasy",Fairy Tale
15265,The Red Balloon,1956-08-24,7.7,2.0149,1956,"Comedy, Drama, Family, Fantasy",Fantasy Epic
12516,Dreams,1990-05-11,7.7,3.3593,1990,"Fantasy, Drama",Fantasy Epic
12444,Harry Potter and the Deathly Hallows: Part 1,2010-11-17,7.7,21.4935,2010,"Adventure, Fantasy",Fantasy Epic
27670,Nothing Left to Do But Cry,1984-12-20,7.7,1.0922,1984,"Comedy, Fantasy",Fantasy Epic
585511,Luck,2022-08-05,7.7,13.383,2022,"Animation, Adventure, Comedy, Fantasy, Family",Fairy Tale
10020,Beauty and the Beast,1991-10-22,7.7,15.3992,1991,"Romance, Family, Animation, Fantasy",Fairy Tale
30959,Kwaidan,1965-01-06,7.7,4.5497,1965,"Horror, Fantasy, Drama",Dark Fantasy
15916,Angel's Egg,1985-12-22,7.7,4.012,1985,"Animation, Fantasy",Fantasy Epic
162,Edward Scissorhands,1990-12-07,7.7,13.1997,1990,"Fantasy, Drama, Romance",Fantasy Epic
672,Harry Potter and the Chamber of Secrets,2002-11-13,7.7,22.3922,2002,"Adventure, Fantasy",Fantasy Epic
843241,The Seven Deadly Sins: Cursed by Light,2021-07-02,7.7,3.8143,2021,"Animation, Fantasy",Fantasy Epic
573699,White Snake,2019-01-11,7.7,3.3391,2019,"Romance, Animation, Fantasy",Fantasy Epic
221732,Rurouni Kenshin Part III: The Legend Ends,2014-09-13,7.7,3.5175,2014,"Action, Adventure, Fantasy",Sword and Sorcery
2493,The Princess Bride,1987-09-25,7.7,12.4901,1987,"Adventure, Family, Fantasy, Comedy, Romance",Fantasy Epic
486589,Red Shoes and the Seven Dwarfs,2019-07-25,7.7,4.1977,2019,"Animation, Fantasy, Family, Comedy, Romance, Adventure",Fairy Tale
1311031,Demon Slayer: Kimetsu no Yaiba Infinity Castle,2025-07-18,7.7,137.2521,2025,"Animation, Action, Fantasy",Sword and Sorcery
767,Harry Potter and the Half-Blood Prince,2009-07-15,7.7,21.2185,2009,"Adventure, Fantasy",Fantasy Epic
82702,How to Train Your Dragon 2,2014-06-05,7.7,12.3611,2014,"Fantasy, Action, Adventure, Animation, Family",Fairy Tale
539517,Constantine: City of Demons - The Movie,2018-10-04,7.7,6.4698,2018,"Fantasy, Animation, Horror, Action",Dark Fantasy
11787,Harvey,1950-12-04,7.7,5.1248,1950,"Comedy, Fantasy",Fantasy Epic
506574,Descendants 3,2019-08-02,7.7,8.002,2019,"Family, Adventure, Fantasy",Fantasy Epic
675,Harry Potter and the Order of the Phoenix,2007-07-08,7.7,20.7572,2007,"Adventure, Fantasy",Fantasy Epic
51739,The Secret World of Arrietty,2010-07-16,7.7,6.484,2010,"Fantasy, Animation, Family",Fairy Tale
413594,Sword Art Online the Movie: Ordinal Scale,2017-02-18,7.7,4.6986,2017,"Animation, Action, Adventure, Fantasy, Sci-Fi",Sword and Sorcery
15999,Vampire Hunter D: Bloodlust,2001-04-21,7.7,5.3415,2001,"Animation, Fantasy, Horror, Action, Adventure, Sci-Fi",Dark Fantasy
653,Nosferatu,1922-02-16,7.7,5.2907,1922,"Horror, Fantasy",Dark Fantasy
812,Aladdin,1992-11-25,7.7,18.4316,1992,"Animation, Family, Adventure, Fantasy, Romance",Fairy Tale
1062722,Frankenstein,2025-10-17,7.6,28.6261,2025,"Drama, Fantasy, Horror",Dark Fantasy
508439,Onward,2020-02-29,7.6,8.6222,2020,"Animation, Family, Fantasy, Adventure, Comedy",Fairy Tale
381289,A Dog's Purpose,2017-01-19,7.6,7.8182,2017,"Adventure, Comedy, Fantasy, Family, Drama",Fantasy Epic
137,Groundhog Day,1993-02-11,7.6,8.8606,1993,"Romance, Fantasy, Comedy",Fantasy Epic
14784,The Fall,2006-09-09,7.6,7.2387,2006,"Adventure, Fantasy, Drama",Fantasy Epic
20123,Time of the Gypsies,1988-12-21,7.6,1.3779,1988,"Drama, Comedy, Crime, Fantasy",Fantasy Epic
309809,The Little Prince,2015-07-29,7.6,7.0039,2015,"Adventure, Animation, Fantasy, Family",Fairy Tale
19101,A Little Princess,1995-05-10,7.6,5.848,1995,"Drama, Family, Fantasy",Fantasy Epic
9444,Anastasia,1997-11-20,7.6,8.4443,1997,"Animation, Family, Fantasy, Adventure",Fairy Tale
4922,The Curious Case of Benjamin Button,2008-12-25,7.6,11.002,2008,"Drama, Fantasy, Romance",Fantasy Epic
496450,"Miraculous: Ladybug & Cat Noir, The Movie",2023-07-05,7.6,8.2619,2023,"Animation, Fantasy, Action, Romance, Family",Fairy Tale
244,King Kong,1933-04-07,7.6,7.1054,1933,"Adventure, Fantasy, Horror",Dark Fantasy
841755,Mortal Kombat Legends: Battle of the Realms,2021-08-30,7.6,7.1269,2021,"Animation, Action, Fantasy",Sword and Sorcery
502356,The Super Mario Bros. Movie,2023-04-05,7.6,171.9317,2023,"Family, Comedy, Adventure, Fantasy, Animation",Fairy Tale
3933,Corpse Bride,2005-09-12,7.6,12.5734,2005,"Romance, Fantasy, Animation",Fantasy Epic
630,The Wizard of Oz,1939-08-15,7.6,15.3094,1939,"Adventure, Fantasy, Family",Fantasy Epic
27040,Meshes of the Afternoon,1943-01-01,7.6,0.9214,1943,Fantasy,Fantasy Epic
976573,Elemental,2023-06-14,7.6,13.9801,2023,"Animation, Family, Romance, Fantasy, Comedy",Fairy Tale
57158,The Hobbit: The Desolation of Smaug,2013-12-11,7.6,14.7511,2013,"Fantasy, Adventure, Action",Sword and Sorcery
568124,Encanto,2021-10-13,7.6,13.8875,2021,"Animation, Comedy, Family, Fantasy",Fairy Tale
221731,Rurouni Kenshin Part II: Kyoto Inferno,2014-08-01,7.6,5.4391,2014,"Action, Adventure, Drama, Fantasy",Sword and Sorcery
39323,Dragon Ball Z: Bardock - The Father of Goku,1990-10-17,7.6,4.8966,1990,"Animation, Action, Sci-Fi, Drama, Fantasy",Sword and Sorcery
9016,Treasure Planet,2002-11-26,7.6,10.3533,2002,"Sci-Fi, Adventure, Animation, Family, Fantasy",Fairy Tale
11688,The Emperor's New Groove,2000-12-15,7.6,16.9188,2000,"Adventure, Animation, Comedy, Family, Fantasy",Fairy Tale
514754,Bao,2018-06-15,7.6,2.0431,2018,"Animation, Family, Fantasy, Drama, Comedy",Fairy Tale
765,Evil Dead II,1987-03-13,7.5,8.3284,1987,"Horror, Comedy, Fantasy",Dark Fantasy
433,Mary Poppins,1964-12-17,7.5,9.9055,1964,"Comedy, Family, Fantasy",Fantasy Epic
433471,Lou,2017-06-16,7.5,3.7645,2017,"Family, Fantasy, Animation, Comedy",Fairy Tale
856,Who Framed Roger Rabbit,1988-06-22,7.5,10.7234,1988,"Fantasy, Animation, Comedy, Crime",Fantasy Epic
556901,Teen Titans Go! vs. Teen Titans,2019-07-21,7.5,5.0334,2019,"Action, Animation, Comedy, Family, Fantasy, Sci-Fi",Fairy Tale
507569,The Seven Deadly Sins: Prisoners of the Sky,2018-08-18,7.5,0.8761,2018,"Action, Adventure, Fantasy, Animation",Sword and Sorcery
228326,The Book of Life,2014-10-01,7.5,8.1636,2014,"Animation, Adventure, Comedy, Family, Fantasy",Fairy Tale
127533,Rurouni Kenshin Part I: Origins,2012-08-25,7.5,5.2177,2012,"Adventure, Action, Fantasy",Sword and Sorcery
73456,Barbie: Princess Charm School,2011-08-11,7.5,7.4066,2011,"Family, Animation, Fantasy",Fairy Tale
16633,Somewhere in Time,1980-10-02,7.5,6.0733,1980,"Drama, Fantasy, Romance",Fantasy Epic
9495,The Crow,1994-05-11,7.5,8.7016,1994,"Fantasy, Action, Thriller",Dark Fantasy
59436,Midnight in Paris,2011-05-11,7.5,7.4795,2011,"Fantasy, Comedy, Romance",Fantasy Epic
601,E.T. the Extra-Terrestrial,1982-06-11,7.5,13.1138,1982,"Sci-Fi, Adventure, Family, Fantasy",Fantasy Epic
648,Beauty and the Beast,1946-10-29,7.5,2.2847,1946,"Drama, Fantasy, Romance",Fantasy Epic
566525,Shang-Chi and the Legend of the Ten Rings,2021-09-01,7.5,11.8932,2021,"Action, Adventure, Fantasy",Sword and Sorcery
620,Ghostbusters,1984-06-08,7.5,12.2757,1984,"Comedy, Fantasy",Fantasy Epic
176983,One Piece Film: Z,2012-12-15,7.5,4.9406,2012,"Animation, Fantasy, Action, Adventure",Sword and Sorcery
1600,The Double Life of Véronique,1991-05-15,7.5,2.9132,1991,"Drama, Fantasy",Fantasy Epic
586940,I Lost My Body,2019-11-06,7.5,1.556,2019,"Animation, Drama, Fantasy",Fantasy Epic
11970,Hercules,1997-06-13,7.5,13.5058,1997,"Animation, Family, Fantasy, Adventure, Comedy, Romance",Fairy Tale
9470,Kung Fu Hustle,2004-02-10,7.5,13.0226,2004,"Action, Comedy, Crime, Fantasy",Sword and Sorcery
252,Willy Wonka & the Chocolate Factory,1971-06-29,7.5,8.2717,1971,"Family, Fantasy, Comedy",Fantasy Epic
599521,Z-O-M-B-I-E-S 2,2020-06-13,7.5,5.2635,2020,"Fantasy, Romance",Fantasy Epic
503919,The Lighthouse,2019-10-18,7.5,9.0097,2019,"Drama, Fantasy, Thriller",Dark Fantasy
9081,Waking Life,2001-10-19,7.5,5.7352,2001,"Animation, Drama, Fantasy",Fantasy Epic
877703,Teen Wolf: The Movie,2023-01-18,7.5,11.4309,2023,"Action, Fantasy",Sword and Sorcery
251516,Kung Fury,2015-05-22,7.5,1.9755,2015,"Action, Comedy, Sci-Fi, Fantasy",Sword and Sorcery
13189,A Christmas Carol,1984-10-09,7.5,5.4201,1984,"Drama, Fantasy, Family",Fantasy Epic
293863,The Age of Adaline,2015-04-16,7.5,9.3528,2015,"Romance, Fantasy, Drama",Fantasy Epic
27327,Phantom of the Paradise,1974-10-31,7.5,5.137,1974,"Comedy, Horror, Fantasy",Dark Fantasy
347201,Boruto: Naruto the Movie,2015-08-07,7.5,4.9508,2015,"Adventure, Action, Animation, Comedy, Fantasy",Sword and Sorcery
529216,Mirage,2018-11-30,7.5,5.834,2018,"Thriller, Drama, Fantasy",Dark Fantasy
42994,Memories,1995-12-23,7.5,4.4454,1995,"Fantasy, Animation, Sci-Fi",Fantasy Epic
431580,Abominable,2019-09-19,7.4,6.1888,2019,"Family, Animation, Adventure, Comedy, Fantasy",Fairy Tale
11704,The Secret of NIMH,1982-06-17,7.5,6.0017,1982,"Family, Animation, Fantasy, Adventure, Drama, Sci-Fi",Fairy Tale
350312,Bāhubali 2: The Conclusion,2017-04-27,7.4,4.2588,2017,"Action, Adventure, Fantasy",Sword and Sorcery
529203,The Croods: A New Age,2020-11-25,7.4,7.7959,2020,"Animation, Family, Adventure, Fantasy, Comedy",Fairy Tale
337703,The Red Turtle,2016-03-27,7.4,4.9661,2016,"Animation, Drama, Fantasy, Family",Fairy Tale
36685,The Rocky Horror Picture Show,1975-08-14,7.4,4.5474,1975,"Comedy, Sci-Fi, Fantasy, Horror",Dark Fantasy
10437,The Muppet Christmas Carol,1992-12-11,7.4,5.5864,1992,"Comedy, Family, Fantasy, Drama",Fantasy Epic
666243,The Witcher: Nightmare of the Wolf,2021-08-22,7.4,5.9488,2021,"Animation, Action, Fantasy",Sword and Sorcery
11236,The Secret Garden,1993-08-13,7.4,5.6845,1993,"Drama, Family, Fantasy",Fantasy Epic
137106,The Lego Movie,2014-02-06,7.4,10.967,2014,"Animation, Family, Adventure, Comedy, Fantasy",Fairy Tale
284052,Doctor Strange,2016-10-25,7.4,13.4612,2016,"Fantasy, Adventure, Action",Sword and Sorcery
492,Being John Malkovich,1999-10-29,7.4,7.3552,1999,"Comedy, Drama, Fantasy",Fantasy Epic
76589,Justice League: Doom,2012-02-28,7.4,5.9404,2012,"Action, Animation, Sci-Fi, Fantasy",Sword and Sorcery
508883,The Boy and the Heron,2023-07-14,7.4,13.3741,2023,"Animation, Fantasy, Drama",Fantasy Epic
20982,Naruto Shippuden the Movie,2007-08-04,7.4,4.6944,2007,"Animation, Action, Fantasy",Sword and Sorcery
994108,All of Us Strangers,2023-12-22,7.4,6.9006,2023,"Romance, Drama, Fantasy",Fantasy Epic
481432,Happy as Lazzaro,2018-05-31,7.4,2.7293,2018,"Drama, Fantasy",Fantasy Epic
13382,Rudolph the Red-Nosed Reindeer,1964-12-06,7.4,5.0787,1964,"Animation, Family, Adventure, Fantasy",Fairy Tale
487670,The Death of Superman,2018-07-24,7.4,6.0832,2018,"Sci-Fi, Animation, Action, Drama, Fantasy",Sword and Sorcery
26963,The Secret of Kells,2009-02-09,7.4,4.4386,2009,"Animation, Family, Fantasy",Fairy Tale
20558,Scooby-Doo! in Where's My Mummy?,2005-05-13,7.4,4.592,2005,"Animation, Family, Adventure, Comedy, Fantasy",Fairy Tale
10849,The Purple Rose of Cairo,1985-03-01,7.4,5.101,1985,"Fantasy, Comedy, Romance",Fantasy Epic
628,Interview with the Vampire,1994-11-11,7.4,10.3466,1994,"Horror, Drama, Fantasy",Dark Fantasy
265712,Stand by Me Doraemon,2014-08-08,7.4,4.8901,2014,"Animation, Adventure, Sci-Fi, Drama, Family, Fantasy",Fairy Tale
876716,Ciao Alberto,2021-11-11,7.4,2.2443,2021,"Animation, Comedy, Family, Fantasy",Fairy Tale
20312,Interstate 60,2002-04-13,7.4,5.7562,2002,"Adventure, Fantasy, Drama",Fantasy Epic
17681,Scooby-Doo! and the Witch's Ghost,1999-10-05,7.4,4.778,1999,"Comedy, Family, Fantasy, Animation",Fairy Tale
271706,Big Fish & Begonia,2016-07-08,7.4,1.938,2016,"Animation, Adventure, Fantasy",Fantasy Epic
58,Pirates of the Caribbean: Dead Man's Chest,2006-07-06,7.4,21.8297,2006,"Adventure, Fantasy, Action",Sword and Sorcery
83533,Avatar: Fire and Ash,2025-12-17,7.4,329.658,2025,"Sci-Fi, Adventure, Fantasy",Fantasy Epic
81188,Rise of the Guardians,2012-11-21,7.4,11.6876,2012,"Animation, Family, Fantasy, Action, Adventure",Fairy Tale
2899,Asterix & Obelix: Mission Cleopatra,2002-01-30,7.4,6.6021,2002,"Family, Fantasy, Comedy, Adventure",Fantasy Epic
36728,Naruto Shippuden the Movie: The Will of Fire,2009-08-01,7.4,5.1988,2009,"Action, Adventure, Comedy, Drama, Fantasy, Animation",Sword and Sorcery
49051,The Hobbit: An Unexpected Journey,2012-12-12,7.4,18.1548,2012,"Adventure, Fantasy, Action",Sword and Sorcery
4011,Beetlejuice,1988-03-30,7.4,10.8504,1988,"Fantasy, Comedy",Fantasy Epic
1427,Perfume: The Story of a Murderer,2006-09-13,7.4,10.8292,2006,"Crime, Fantasy, Drama",Fantasy Epic
876792,That Time I Got Reincarnated as a Slime the Movie: Scarlet Bond,2022-11-25,7.4,5.8594,2022,"Animation, Fantasy, Adventure",Fantasy Epic
118406,Road to Ninja: Naruto the Movie,2012-07-28,7.4,4.7337,2012,"Animation, Fantasy, Action",Sword and Sorcery
297,Meet Joe Black,1998-11-12,7.4,12.7718,1998,"Fantasy, Drama, Romance",Fantasy Epic
417320,Descendants 2,2017-07-21,7.4,7.407,2017,"Family, Fantasy, Adventure",Fantasy Epic
10144,The Little Mermaid,1989-11-17,7.4,12.3176,1989,"Animation, Family, Fantasy",Fairy Tale
21348,Kirikou and the Sorceress,1998-12-09,7.4,2.1645,1998,"Fantasy, Adventure, Animation, Family",Fairy Tale
2134,The Time Machine,1960-05-25,7.3,5.5546,1960,"Thriller, Adventure, Fantasy, Sci-Fi, Romance",Dark Fantasy
756,Fantasia,1940-11-13,7.3,8.0663,1940,"Animation, Family, Fantasy",Fairy Tale
831405,Injustice,2021-10-09,7.3,6.4448,2021,"Animation, Sci-Fi, Fantasy, Action",Sword and Sorcery
122917,The Hobbit: The Battle of the Five Armies,2014-12-10,7.3,24.6373,2014,"Action, Adventure, Fantasy",Sword and Sorcery
17581,Naruto Shippuden the Movie: Bonds,2008-08-02,7.3,5.2657,2008,"Fantasy, Animation, Action",Sword and Sorcery
493529,Dungeons & Dragons: Honor Among Thieves,2023-03-23,7.3,11.2267,2023,"Adventure, Fantasy, Comedy",Fantasy Epic
560057,The Sea Beast,2022-06-24,7.3,9.3596,2022,"Animation, Adventure, Action, Family, Fantasy",Fairy Tale
425909,Ghostbusters: Afterlife,2021-11-18,7.3,8.8778,2021,"Fantasy, Comedy, Adventure",Fantasy Epic
25623,House,1977-08-26,7.3,3.1058,1977,"Comedy, Fantasy, Horror",Dark Fantasy
755339,Just Another Christmas,2020-12-03,7.3,1.379,2020,"Comedy, Drama, Fantasy, Family",Fantasy Epic
809107,Z-O-M-B-I-E-S 3,2022-07-09,7.3,4.2986,2022,"Fantasy, Comedy, Family",Fantasy Epic
866,Finding Neverland,2004-10-29,7.3,6.6241,2004,"Drama, Fantasy",Fantasy Epic
508947,Turning Red,2022-03-10,7.3,26.1876,2022,"Animation, Family, Comedy, Fantasy",Fairy Tale
30061,Justice League: Crisis on Two Earths,2010-02-23,7.3,6.1298,2010,"Action, Adventure, Animation, Sci-Fi, Fantasy",Sword and Sorcery
892,Delicatessen,1991-04-17,7.3,3.4962,1991,"Comedy, Sci-Fi, Fantasy",Fantasy Epic
809,Shrek 2,2004-05-19,7.3,16.9036,2004,"Animation, Family, Comedy, Fantasy, Romance",Fairy Tale
922,Dead Man,1995-12-23,7.3,5.8149,1995,"Drama, Fantasy",Fantasy Epic
259316,Fantastic Beasts and Where to Find Them,2016-11-16,7.3,12.58,2016,"Fantasy, Adventure",Fantasy Epic
26736,Wizards of Waverly Place: The Movie,2009-08-28,7.3,5.4912,2009,"Family, Adventure, Comedy, Fantasy, Action, Drama",Fantasy Epic
13688,CJ7,2008-01-30,7.3,4.3651,2008,"Comedy, Drama, Family, Fantasy, Sci-Fi",Fantasy Epic
420814,Christopher Robin,2018-08-01,7.3,6.616,2018,"Adventure, Comedy, Family, Fantasy",Fantasy Epic
118412,Berserk: The Golden Age Arc II - The Battle for Doldrey,2012-06-23,7.3,3.5547,2012,"Animation, Action, Adventure, Drama, Fantasy",Sword and Sorcery
615666,A Boy Called Christmas,2021-11-24,7.3,5.2393,2021,"Family, Adventure, Fantasy",Fantasy Epic
451048,Jungle Cruise,2021-07-28,7.3,9.3322,2021,"Fantasy, Adventure, Action",Sword and Sorcery
1491,The Illusionist,2006-08-18,7.3,8.1384,2006,"Fantasy, Drama, Thriller, Romance",Dark Fantasy
420809,Maleficent: Mistress of Evil,2019-10-16,7.3,7.9325,2019,"Family, Fantasy, Adventure",Fantasy Epic
12902,Scooby-Doo! and the Loch Ness Monster,2004-05-20,7.3,4.013,2004,"Family, Adventure, Animation, Comedy, Fantasy",Fairy Tale
408220,Justice League Dark,2017-01-24,7.3,6.0486,2017,"Animation, Action, Adventure, Fantasy, Sci-Fi, Horror",Dark Fantasy
258230,A Monster Calls,2016-10-07,7.3,7.3423,2016,"Fantasy, Adventure, Family",Fantasy Epic
34647,Enter the Void,2010-05-05,7.3,3.3216,2010,"Fantasy, Drama",Fantasy Epic
2270,Stardust,2007-08-10,7.3,10.7938,2007,"Adventure, Fantasy, Romance, Family",Fantasy Epic
837335,La Chimera,2023-10-12,7.3,2.4425,2023,"Drama, Fantasy, Comedy",Fantasy Epic
1262,Stranger Than Fiction,2006-11-10,7.3,5.1598,2006,"Drama, Comedy, Romance, Fantasy",Fantasy Epic
912598,Bubble,2022-02-14,7.3,3.6179,2022,"Animation, Adventure, Sci-Fi, Fantasy",Fantasy Epic
1433,The Devil's Backbone,2001-04-20,7.3,3.6503,2001,"Fantasy, Drama, Horror, Thriller",Dark Fantasy
842924,The Life of Chuck,2025-06-05,7.3,9.5919,2025,"Fantasy, Drama",Fantasy Epic
416494,Status Update,2018-02-09,7.3,4.9578,2018,"Comedy, Fantasy, Sci-Fi",Fantasy Epic
668461,Slumberland,2022-11-18,7.3,6.5834,2022,"Family, Fantasy, Comedy",Fantasy Epic
1147400,"Miraculous World: Paris, Tales of Shadybug and Claw Noir",2023-10-21,7.3,5.6184,2023,"Animation, Family, Action, Fantasy",Fairy Tale
13597,Labyrinth,1986-06-27,7.3,9.2912,1986,"Adventure, Family, Fantasy",Fantasy Epic
323661,Mune: Guardian of the Moon,2015-02-05,7.3,3.1097,2015,"Animation, Family, Adventure, Fantasy",Fairy Tale
438148,Minions: The Rise of Gru,2022-06-29,7.3,12.5474,2022,"Family, Comedy, Adventure, Animation, Sci-Fi, Fantasy, Action",Fairy Tale
590223,Love and Monsters,2020-10-16,7.3,8.7629,2020,"Adventure, Comedy, Fantasy, Sci-Fi",Fantasy Epic
2657,Pleasantville,1998-09-17,7.3,5.4413,1998,"Fantasy, Comedy, Drama",Fantasy Epic
285,Pirates of the Caribbean: At World's End,2007-05-19,7.3,17.1393,2007,"Adventure, Fantasy, Action",Sword and Sorcery
436343,On Body and Soul,2017-03-02,7.3,1.4954,2017,"Drama, Romance, Fantasy",Fantasy Epic
766,Army of Darkness,1992-10-31,7.3,7.7216,1992,"Fantasy, Horror, Comedy",Dark Fantasy
34134,Barbie in A Mermaid Tale,2010-01-25,7.3,5.2068,2010,"Animation, Family, Fantasy",Fairy Tale
10150,The Last Unicorn,1982-11-19,7.3,7.0208,1982,"Fantasy, Animation, Family, Adventure",Fairy Tale
779,Vampyr,1932-05-06,7.3,1.7239,1932,"Horror, Fantasy",Dark Fantasy
571468,Freaks Out,2021-10-28,7.3,1.7272,2021,"Adventure, Fantasy, Drama",Fantasy Epic
10501,The Road to El Dorado,2000-03-31,7.3,10.8438,2000,"Family, Adventure, Animation, Comedy, Fantasy",Fairy Tale
483980,Z-O-M-B-I-E-S,2018-02-16,7.3,6.1708,2018,"Fantasy, Comedy, Romance",Fantasy Epic
923939,The Wonderful Story of Henry Sugar,2023-09-20,7.3,5.2705,2023,"Comedy, Fantasy, Drama",Fantasy Epic
109445,Frozen,2013-11-20,7.2,20.2513,2013,"Animation, Family, Adventure, Fantasy",Fairy Tale
901362,Trolls Band Together,2023-10-12,7.2,10.1088,2023,"Animation, Family, Fantasy, Comedy, Adventure",Fairy Tale
79707,Children Who Chase Lost Voices,2011-05-07,7.2,4.2583,2011,"Animation, Adventure, Fantasy, Family",Fairy Tale
8844,Jumanji,1995-12-15,7.2,3.5332,1995,"Adventure, Fantasy, Family",Fantasy Epic
75258,Secret of the Wings,2012-08-17,7.2,7.5365,2012,"Animation, Family, Fantasy, Adventure",Fairy Tale
902,The City of Lost Children,1995-05-17,7.2,3.7424,1995,"Fantasy, Sci-Fi, Adventure",Fantasy Epic
465136,Every Day,2018-02-22,7.2,5.5366,2018,"Romance, Fantasy",Fantasy Epic
446893,Trolls World Tour,2020-03-11,7.2,9.2488,2020,"Family, Animation, Comedy, Fantasy, Adventure",Fairy Tale
113082,Berserk: The Golden Age Arc I - The Egg of the King,2012-02-04,7.2,4.241,2012,"Animation, Action, Adventure, Fantasy, Drama, Horror",Dark Fantasy
399055,The Shape of Water,2017-12-01,7.2,10.5853,2017,"Drama, Fantasy, Romance",Fantasy Epic
330457,Frozen II,2019-11-20,7.2,14.3536,2019,"Family, Animation, Adventure, Comedy, Fantasy",Fairy Tale
251,Ghost,1990-07-13,7.2,11.997,1990,"Fantasy, Romance, Thriller",Dark Fantasy
268,Batman,1989-06-21,7.2,11.7481,1989,"Fantasy, Action, Crime",Sword and Sorcery
899112,Violent Night,2022-11-30,7.2,7.5744,2022,"Action, Comedy, Fantasy",Sword and Sorcery
453395,Doctor Strange in the Multiverse of Madness,2022-05-04,7.2,19.1796,2022,"Fantasy, Action, Adventure",Sword and Sorcery
16646,Russian Ark,2002-05-22,7.2,1.5902,2002,"Drama, Fantasy",Fantasy Epic
9078,The Sword in the Stone,1963-12-25,7.2,8.5708,1963,"Animation, Family, Fantasy",Fairy Tale
116745,The Secret Life of Walter Mitty,2013-12-18,7.2,8.1034,2013,"Adventure, Comedy, Drama, Fantasy",Fantasy Epic
5590,Donkey Skin,1970-12-16,7.2,2.9049,1970,"Fantasy, Comedy, Romance",Fantasy Epic
34584,The NeverEnding Story,1984-04-06,7.2,7.019,1984,"Adventure, Fantasy, Family, Drama",Fantasy Epic
10198,The Princess and the Frog,2009-12-08,7.2,11.5655,2009,"Animation, Romance, Fantasy, Family",Fairy Tale
204436,Jack and the Cuckoo-Clock Heart,2014-01-29,7.2,2.7372,2014,"Animation, Romance, Adventure, Drama, Fantasy",Fantasy Epic
297762,Wonder Woman,2017-05-30,7.2,15.6207,2017,"Action, Adventure, Fantasy",Sword and Sorcery
6978,Big Trouble in Little China,1986-05-30,7.2,8.9019,1986,"Action, Comedy, Fantasy, Adventure",Sword and Sorcery
12105,Yellow Submarine,1968-07-17,7.2,4.1749,1968,"Animation, Adventure, Comedy, Fantasy",Fantasy Epic
900667,One Piece Film Red,2022-08-06,7.2,7.4626,2022,"Animation, Adventure, Action, Fantasy",Sword and Sorcery
152603,Only Lovers Left Alive,2013-12-12,7.2,5.2104,2013,"Drama, Romance, Fantasy",Fantasy Epic
12159,What Dreams May Come,1998-10-02,7.2,7.4354,1998,"Drama, Fantasy, Romance",Fantasy Epic
302429,Strange Magic,2015-01-23,7.2,5.7552,2015,"Animation, Family, Fantasy",Fairy Tale
2668,Sleepy Hollow,1999-11-19,7.2,9.2592,1999,"Fantasy, Thriller, Horror",Dark Fantasy
10693,Peter Pan,1953-02-05,7.2,10.3165,1953,"Animation, Family, Adventure, Fantasy",Fairy Tale
12092,Alice in Wonderland,1951-07-28,7.2,12.5898,1951,"Animation, Family, Fantasy, Adventure",Fairy Tale
2280,Big,1988-06-03,7.2,9.1462,1988,"Fantasy, Drama, Comedy",Fantasy Epic
15359,Wonder Woman,2009-03-03,7.2,5.7316,2009,"Action, Adventure, Animation, Fantasy, Sci-Fi",Sword and Sorcery
407655,A Cinderella Story: If the Shoe Fits,2016-08-02,7.2,6.367,2016,"Comedy, Family, Fantasy",Fantasy Epic
560050,Over the Moon,2020-10-16,7.2,4.6163,2020,"Animation, Adventure, Family, Fantasy",Fairy Tale
10830,Matilda,1996-08-02,7.2,13.0355,1996,"Comedy, Family, Fantasy",Fantasy Epic
15283,Pom Poko,1994-07-16,7.2,4.5853,1994,"Adventure, Animation, Fantasy",Fantasy Epic
11044,Arizona Dream,1993-01-06,7.2,5.1685,1993,"Fantasy, Comedy, Drama, Romance",Fantasy Epic
11533,Jason and the Argonauts,1963-06-13,7.2,5.5873,1963,"Adventure, Family, Fantasy",Fantasy Epic
1040148,"Ruby Gillman, Teenage Kraken",2023-06-28,7.2,8.4703,2023,"Animation, Family, Fantasy, Comedy",Fairy Tale
527435,The Christmas Chronicles,2018-11-22,7.2,7.765,2018,"Comedy, Adventure, Family, Fantasy",Fantasy Epic
647,Final Fantasy VII: Advent Children,2005-07-14,7.2,3.6128,2005,"Animation, Action, Adventure, Fantasy, Sci-Fi",Sword and Sorcery
642885,Hocus Pocus 2,2022-09-27,7.2,6.8031,2022,"Fantasy, Comedy",Fantasy Epic
585245,Clifford the Big Red Dog,2021-11-10,7.2,7.0097,2021,"Family, Adventure, Comedy, Fantasy",Fantasy Epic
277217,Descendants,2015-07-31,7.2,9.4577,2015,"Family, Adventure, Fantasy",Fantasy Epic
475215,Mirai,2018-07-20,7.2,3.9946,2018,"Animation, Family, Fantasy, Adventure, Drama",Fairy Tale
645757,That Christmas,2024-11-27,7.2,5.9464,2024,"Animation, Comedy, Family, Fantasy, Adventure",Fairy Tale
459003,Mavka: The Forest Song,2023-03-02,7.1,3.8877,2023,"Animation, Adventure, Family, Fantasy",Fairy Tale
501170,Doctor Sleep,2019-10-30,7.1,10.7172,2019,"Horror, Fantasy",Dark Fantasy
927,Gremlins,1984-06-08,7.1,10.185,1984,"Fantasy, Horror, Comedy",Dark Fantasy
430447,Mary and The Witch's Flower,2017-07-08,7.1,4.8894,2017,"Animation, Adventure, Family, Fantasy",Fairy Tale
10601,Peter Pan,2003-12-18,7.1,7.8951,2003,"Adventure, Fantasy, Family",Fantasy Epic
411,"The Chronicles of Narnia: The Lion, the Witch and the Wardrobe",2005-12-07,7.1,19.768,2005,"Adventure, Family, Fantasy",Fantasy Epic
11639,The Dark Crystal,1982-12-17,7.1,7.0936,1982,"Adventure, Family, Fantasy",Fantasy Epic
672647,The Map of Tiny Perfect Things,2021-02-12,7.1,5.7758,2021,"Fantasy, Romance",Fantasy Epic
15370,The Cat Returns,2002-07-19,7.1,6.7348,2002,"Adventure, Fantasy, Animation, Drama, Family",Fairy Tale
408,Snow White and the Seven Dwarfs,1938-01-14,7.1,12.2399,1938,"Fantasy, Animation, Family",Fairy Tale
11687,The Visitors,1993-01-27,7.1,4.0834,1993,"Fantasy, Comedy",Fantasy Epic
4688,Across the Universe,2007-09-14,7.1,4.6361,2007,"Drama, Romance, Fantasy",Fantasy Epic
561,Constantine,2005-02-08,7.1,14.7618,2005,"Fantasy, Action, Horror",Dark Fantasy
103332,Ruby Sparks,2012-07-25,7.1,6.2241,2012,"Comedy, Romance, Fantasy, Drama",Fantasy Epic
2323,Field of Dreams,1989-04-21,7.1,6.1148,1989,"Drama, Fantasy",Fantasy Epic
279229,Sapphire Blue,2014-08-14,7.1,1.8489,2014,"Fantasy, Romance, Drama",Fantasy Epic
10895,Pinocchio,1940-02-23,7.1,10.2081,1940,"Animation, Family, Fantasy",Fairy Tale
323027,Justice League: Gods and Monsters,2015-06-18,7.1,5.5616,2015,"Action, Animation, Fantasy, Adventure, Sci-Fi",Sword and Sorcery
547016,The Old Guard,2020-07-09,7.1,5.2758,2020,"Action, Fantasy",Sword and Sorcery
749004,Petite Maman,2021-06-02,7.1,1.6777,2021,"Drama, Fantasy",Fantasy Epic
487242,Suicide Squad: Hell to Pay,2018-03-23,7.1,5.8466,2018,"Sci-Fi, Action, Animation, Fantasy",Sword and Sorcery
836225,The Exorcism of God,2022-03-11,7.1,10.3494,2022,"Horror, Crime, Drama, Fantasy",Dark Fantasy
102651,Maleficent,2014-05-28,7.1,13.7898,2014,"Fantasy, Adventure, Action, Family, Romance",Fantasy Epic
420817,Aladdin,2019-05-22,7.1,13.6016,2019,"Adventure, Fantasy, Romance, Family",Fantasy Epic
845222,Kingdom: Ashin of the North,2021-07-23,7.1,4.4861,2021,"Drama, Fantasy, Thriller",Dark Fantasy
1246049,Dracula,2025-07-30,7.1,41.4724,2025,"Horror, Fantasy, Romance",Dark Fantasy
856289,Creation of the Gods I: Kingdom of Storms,2023-07-15,7.1,6.4985,2023,"Action, Fantasy",Sword and Sorcery
11836,The SpongeBob SquarePants Movie,2004-11-19,7.1,11.2832,2004,"Family, Comedy, Adventure, Animation, Fantasy",Fairy Tale
428449,A Ghost Story,2017-04-24,7.1,6.2802,2017,"Drama, Fantasy, Romance",Fantasy Epic
436931,Pokémon the Movie: I Choose You!,2017-07-15,7.1,4.9825,2017,"Family, Animation, Adventure, Fantasy",Fairy Tale
11934,The Hudsucker Proxy,1994-03-11,7.1,4.9913,1994,"Comedy, Drama, Fantasy",Fantasy Epic
2907,The Addams Family,1991-11-22,7.1,9.0719,1991,"Comedy, Fantasy",Fantasy Epic
16140,Death Note: The Last Name,2006-10-28,7.1,2.9695,2006,"Fantasy, Thriller",Dark Fantasy
7980,The Lovely Bones,2009-12-26,7.1,8.9024,2009,"Fantasy, Drama",Fantasy Epic
16007,Death Note,2006-06-17,7.1,4.4142,2006,"Fantasy, Thriller",Dark Fantasy
173,"20,000 Leagues Under the Sea",1954-12-23,7.1,5.9458,1954,"Adventure, Sci-Fi, Fantasy",Fantasy Epic
581389,Space Sweepers,2021-02-05,7.1,2.8416,2021,"Drama, Fantasy, Sci-Fi",Fantasy Epic
570131,Love at Second Sight,2019-01-18,7.0,2.6662,2019,"Comedy, Romance, Fantasy",Fantasy Epic
560044,The Willoughbys,2020-04-22,7.0,6.3127,2020,"Animation, Comedy, Family, Fantasy",Fairy Tale
11224,Cinderella,1950-02-22,7.0,12.9219,1950,"Family, Fantasy, Animation, Romance",Fairy Tale
787699,Wonka,2023-12-06,7.0,12.3945,2023,"Comedy, Family, Fantasy",Fantasy Epic
118,Charlie and the Chocolate Factory,2005-07-13,7.0,14.258,2005,"Adventure, Comedy, Family, Fantasy",Fantasy Epic
585083,Hotel Transylvania: Transformania,2022-01-31,7.0,10.4152,2022,"Animation, Comedy, Family, Adventure, Fantasy",Fairy Tale
10439,Hocus Pocus,1993-07-16,7.0,8.4696,1993,"Fantasy, Comedy, Family",Fantasy Epic
779782,The School for Good and Evil,2022-10-19,7.0,5.9318,2022,"Fantasy, Comedy, Adventure",Fantasy Epic
639933,The Northman,2022-04-07,7.0,11.3089,2022,"Action, Adventure, Fantasy",Sword and Sorcery
588921,Ainbo: Spirit of the Amazon,2021-02-09,7.0,4.878,2021,"Adventure, Animation, Family, Fantasy",Fairy Tale
487672,Reign of the Supermen,2019-01-13,7.0,5.9415,2019,"Sci-Fi, Animation, Action, Fantasy, Drama",Sword and Sorcery
12335,Bedknobs and Broomsticks,1971-10-07,7.0,5.406,1971,"Family, Animation, Fantasy",Fairy Tale
2044,The Lake House,2006-06-16,7.0,7.25,2006,"Romance, Drama, Fantasy",Fantasy Epic
15775,If Only,2004-01-23,7.0,6.1747,2004,"Drama, Romance, Fantasy",Fantasy Epic
62177,Brave,2012-06-21,7.0,14.2555,2012,"Animation, Family, Fantasy, Adventure",Fairy Tale
926899,The House,2022-01-14,7.0,6.4804,2022,"Animation, Drama, Comedy, Horror, Fantasy",Dark Fantasy
847,Willow,1988-05-20,7.0,7.1657,1988,"Fantasy, Adventure, Action",Sword and Sorcery
71864,The Odd Life of Timothy Green,2012-08-15,7.0,5.7913,2012,"Fantasy, Drama, Comedy, Family",Fantasy Epic
12665,Powder,1995-10-27,7.0,4.0235,1995,"Drama, Fantasy",Fantasy Epic
1730,Inland Empire,2006-12-06,7.0,5.0715,2006,"Horror, Thriller, Drama, Fantasy",Dark Fantasy
14411,Sinbad: Legend of the Seven Seas,2003-07-02,7.0,7.7665,2003,"Family, Animation, Adventure, Fantasy, Action",Fairy Tale
1011985,Kung Fu Panda 4,2024-03-02,7.0,32.8095,2024,"Animation, Family, Action, Comedy, Adventure, Fantasy",Fairy Tale
526,Ladyhawke,1985-03-27,7.0,6.1507,1985,"Adventure, Comedy, Fantasy",Fantasy Epic
1241982,Moana 2,2024-11-21,7.0,31.4828,2024,"Animation, Adventure, Family, Comedy, Fantasy",Fairy Tale
245842,The King's Daughter,2022-01-21,7.0,5.812,2022,"Fantasy, Adventure, Family",Fantasy Epic
13192,Moonwalker,1988-10-29,7.0,4.629,1988,Fantasy,Fantasy Epic
845781,Red One,2024-10-31,7.0,12.6362,2024,"Action, Comedy, Fantasy",Sword and Sorcery
23202,Trick 'r Treat,2007-12-09,7.0,6.8119,2007,"Horror, Fantasy",Dark Fantasy
103328,Holy Motors,2012-07-02,7.0,1.9765,2012,"Drama, Fantasy",Fantasy Epic
300,The Science of Sleep,2006-06-25,7.0,2.9763,2006,"Comedy, Drama, Fantasy",Fantasy Epic
763215,Damsel,2024-03-07,7.0,10.4491,2024,"Fantasy, Action, Adventure",Sword and Sorcery
460465,Mortal Kombat,2021-04-07,7.0,14.9116,2021,"Action, Fantasy, Adventure",Sword and Sorcery
854,The Mask,1994-07-29,7.0,14.0876,1994,"Comedy, Fantasy, Crime, Romance",Fantasy Epic
615774,Scooby-Doo! Return to Zombie Island,2019-09-03,7.0,4.9225,2019,"Fantasy, Animation, Family, Adventure, Comedy, Horror",Dark Fantasy
287947,Shazam!,2019-03-29,7.0,9.9112,2019,"Action, Comedy, Fantasy",Sword and Sorcery
894205,Werewolf by Night,2022-09-25,7.0,7.0572,2022,"Action, Fantasy, Horror",Dark Fantasy
1024,Heavenly Creatures,1994-09-12,7.0,5.4263,1994,"Drama, Fantasy",Fantasy Epic
2758,Addams Family Values,1993-11-19,7.0,9.6435,1993,"Comedy, Family, Fantasy",Fantasy Epic
811367,22 vs. Earth,2021-04-30,7.0,2.1259,2021,"Family, Comedy, Fantasy, Animation",Fairy Tale
321612,Beauty and the Beast,2017-03-16,7.0,13.9292,2017,"Family, Fantasy, Romance",Fantasy Epic
14506,The Adventures of Baron Munchausen,1988-12-07,7.0,5.507,1988,"Fantasy, Adventure, Comedy",Fantasy Epic
337556,Emerald Green,2016-07-07,7.0,2.0464,2016,"Fantasy, Action",Sword and Sorcery
13198,Wristcutters: A Love Story,2007-10-19,7.0,4.7488,2007,"Comedy, Drama, Fantasy, Romance",Fantasy Epic
564,The Mummy,1999-04-16,7.0,27.7621,1999,"Adventure, Action, Fantasy",Sword and Sorcery
397837,Before I Fall,2017-03-02,7.0,5.8282,2017,"Drama, Fantasy",Fantasy Epic
639720,IF,2024-05-08,7.0,11.2903,2024,"Comedy, Fantasy, Family",Fantasy Epic
76492,Hotel Transylvania,2012-09-20,7.0,14.6389,2012,"Animation, Comedy, Family, Fantasy",Fairy Tale
11227,Angel-A,2005-12-21,7.0,2.1859,2005,"Romance, Comedy, Drama, Fantasy",Fantasy Epic
9007,Just Like Heaven,2005-09-16,7.0,6.9094,2005,"Comedy, Romance, Fantasy",Fantasy Epic
17445,Green Lantern: First Flight,2009-07-28,7.0,5.4046,2009,"Action, Adventure, Fantasy, Animation, Sci-Fi",Sword and Sorcery
10228,Pokémon: The First Movie,1998-07-18,7.0,6.0016,1998,"Animation, Family, Adventure, Fantasy, Action",Fairy Tale
10166,The Witches,1990-05-25,6.9,6.2176,1990,"Fantasy, Family, Horror",Dark Fantasy
11527,Excalibur,1981-04-10,6.9,8.5458,1981,"Adventure, Fantasy",Fantasy Epic
364,Batman Returns,1992-06-19,6.9,11.5533,1992,"Action, Fantasy",Sword and Sorcery
16093,Carnival of Souls,1962-11-02,6.9,4.3462,1962,"Horror, Fantasy",Dark Fantasy
175774,Ruby Red,2013-03-14,6.9,2.0764,2013,"Fantasy, Drama, Romance",Fantasy Epic
19933,The Brave Little Toaster,1987-07-09,6.9,4.9698,1987,"Animation, Adventure, Fantasy, Family",Fairy Tale
10882,Sleeping Beauty,1959-02-17,6.9,12.2309,1959,"Fantasy, Animation, Romance, Family",Fairy Tale
917496,Beetlejuice Beetlejuice,2024-09-04,6.9,12.9453,2024,"Comedy, Fantasy, Horror",Dark Fantasy
24420,The Time Traveler's Wife,2009-08-14,6.9,6.8078,2009,"Drama, Romance, Fantasy",Fantasy Epic
639721,The Addams Family 2,2021-10-01,6.9,5.9418,2021,"Animation, Family, Comedy, Fantasy, Adventure",Fairy Tale
1114967,Good Fortune,2025-10-14,6.9,9.9153,2025,"Comedy, Fantasy",Fantasy Epic
347031,Swiss Army Man,2016-06-24,6.9,6.3372,2016,"Comedy, Drama, Romance, Fantasy, Adventure",Fantasy Epic
1832,Dogma,1999-10-04,6.9,9.0518,1999,"Fantasy, Comedy, Adventure",Fantasy Epic
9871,Ginger Snaps,2000-12-11,6.9,5.8332,2000,"Fantasy, Horror, Drama, Thriller",Dark Fantasy
741074,Once Upon a Snowman,2020-10-23,6.9,4.7492,2020,"Animation, Family, Comedy, Fantasy",Fairy Tale
816904,Mummies,2023-01-05,6.9,4.1143,2023,"Animation, Adventure, Fantasy, Family",Fairy Tale
13179,Tinker Bell,2008-09-11,6.9,8.3208,2008,"Animation, Family, Adventure, Fantasy",Fairy Tale
402431,Wicked,2024-10-16,6.9,30.9852,2024,"Drama, Romance, Fantasy",Fantasy Epic
170657,Journey to the West: Conquering the Demons,2013-02-07,6.9,5.5554,2013,"Action, Fantasy, Adventure, Comedy",Sword and Sorcery
447404,Pokémon Detective Pikachu,2019-05-03,6.9,10.4648,2019,"Action, Adventure, Fantasy",Sword and Sorcery
17979,A Christmas Carol,2009-11-04,6.9,8.2559,2009,"Animation, Fantasy, Drama, Family",Fairy Tale
10323,Clash of the Titans,1981-06-12,6.9,6.222,1981,"Adventure, Fantasy, Action",Sword and Sorcery
77459,A Monster in Paris,2011-10-12,6.9,3.4399,2011,"Adventure, Animation, Comedy, Family, Fantasy",Fairy Tale
13253,Futurama: Bender's Game,2008-11-03,6.9,5.0687,2008,"Animation, Comedy, Sci-Fi, Action, Fantasy",Sword and Sorcery
8953,Steamboy,2004-07-17,6.9,3.7026,2004,"Animation, Fantasy, Sci-Fi",Fantasy Epic
177888,Teen Beach Movie,2013-08-07,6.9,5.475,2013,"Family, Comedy, Fantasy",Fantasy Epic
11571,Journey to the Center of the Earth,1959-12-15,6.9,4.7379,1959,"Adventure, Fantasy, Family",Fantasy Epic
24100,The Little Vampire,2000-10-27,6.9,4.8095,2000,"Family, Adventure, Comedy, Fantasy",Fantasy Epic
660942,The Innocents,2021-09-03,6.9,2.9435,2021,"Horror, Drama, Fantasy",Dark Fantasy
556694,Three Thousand Years of Longing,2022-08-24,6.9,4.032,2022,"Drama, Fantasy, Romance",Fantasy Epic
512200,Jumanji: The Next Level,2019-12-04,6.9,10.0101,2019,"Adventure, Comedy, Fantasy",Fantasy Epic
13285,Barbie Fairytopia: Mermaidia,2006-03-14,6.9,5.5185,2006,"Animation, Family, Adventure, Fantasy",Fairy Tale
278927,The Jungle Book,2016-04-07,6.9,10.8087,2016,"Family, Adventure, Fantasy",Fantasy Epic
16962,Barbie Fairytopia: Magic of the Rainbow,2007-03-13,6.9,5.3174,2007,"Animation, Family, Fantasy, Romance",Fairy Tale
9667,The Jacket,2005-03-04,6.9,5.0353,2005,"Drama, Sci-Fi, Thriller, Fantasy",Dark Fantasy
360920,The Grinch,2018-11-08,6.9,9.7078,2018,"Family, Comedy, Animation, Fantasy",Fairy Tale
297802,Aquaman,2018-12-07,6.9,19.6144,2018,"Action, Adventure, Fantasy",Sword and Sorcery
8009,Highlander,1986-03-07,6.9,10.8896,1986,"Adventure, Action, Fantasy",Sword and Sorcery
57737,Barbie: A Fairy Secret,2011-03-01,6.9,5.3281,2011,"Animation, Family, Fantasy",Fairy Tale
1494,Curse of the Golden Flower,2006-12-14,6.9,4.8323,2006,"Action, Drama, Fantasy",Sword and Sorcery
28609,Dragon Ball Z: Dead Zone,1989-07-15,6.9,4.2094,1989,"Animation, Action, Fantasy",Sword and Sorcery
526050,Little,2019-04-04,6.9,4.8658,2019,"Comedy, Fantasy, Romance",Fantasy Epic
110390,A Pigeon Sat on a Branch Reflecting on Existence,2014-10-24,6.9,1.3215,2014,"Drama, Comedy, Fantasy",Fantasy Epic
400155,Hotel Transylvania 3: Summer Vacation,2018-06-28,6.8,12.1467,2018,"Animation, Comedy, Family, Fantasy",Fairy Tale
10019,Mannequin,1987-02-13,6.8,8.0682,1987,"Comedy, Romance, Fantasy",Fantasy Epic
1125257,Freakier Friday,2025-08-06,6.8,11.7377,2025,"Comedy, Fantasy, Family",Fantasy Epic
277,Underworld,2003-09-19,6.8,8.2916,2003,"Fantasy, Action, Thriller",Dark Fantasy
4523,Enchanted,2007-11-20,6.8,10.8043,2007,"Comedy, Family, Fantasy, Romance",Fantasy Epic
18937,Quest for Camelot,1998-05-15,6.8,5.4782,1998,"Fantasy, Animation, Drama, Romance, Family",Fairy Tale
879,Hook,1991-04-10,6.8,10.4928,1991,"Adventure, Fantasy, Comedy, Family",Fantasy Epic
283366,Miss Peregrine's Home for Peculiar Children,2016-09-28,6.8,10.3613,2016,"Fantasy, Adventure, Drama, Family",Fantasy Epic
338952,Fantastic Beasts: The Crimes of Grindelwald,2018-11-14,6.8,7.1763,2018,"Fantasy, Adventure",Fantasy Epic
846867,Mad God,2021-09-17,6.8,5.5989,2021,"Animation, Fantasy, Horror, Sci-Fi",Dark Fantasy
261102,The Misfits Club,2014-12-25,6.8,1.5363,2014,"Romance, Drama, Fantasy, Comedy",Fantasy Epic
337401,Mulan,2020-09-04,6.8,8.268,2020,"Adventure, Fantasy, Action",Sword and Sorcery
84175,Beasts of the Southern Wild,2012-06-29,6.8,2.4192,2012,"Drama, Fantasy",Fantasy Epic
76535,Marvel One-Shot: A Funny Thing Happened on the Way to Thor's Hammer,2011-10-25,6.8,3.5955,2011,"Sci-Fi, Fantasy, Adventure, Action, Comedy",Sword and Sorcery
150689,Cinderella,2015-03-06,6.8,15.9781,2015,"Romance, Fantasy, Family, Drama",Fantasy Epic
41216,Legend of the Guardians: The Owls of Ga'Hoole,2010-07-10,6.8,6.4581,2010,"Animation, Adventure, Family, Fantasy",Fairy Tale
446894,Smallfoot,2018-09-20,6.8,4.6171,2018,"Family, Comedy, Adventure, Animation, Fantasy",Fairy Tale
11708,Chitty Chitty Bang Bang,1968-12-17,6.8,6.1748,1968,"Family, Adventure, Fantasy, Comedy",Fantasy Epic
353486,Jumanji: Welcome to the Jungle,2017-12-09,6.8,7.7258,2017,"Adventure, Comedy, Fantasy, Action",Sword and Sorcery
25475,Tinker Bell and the Lost Treasure,2009-09-03,6.8,7.0283,2009,"Animation, Family, Adventure, Fantasy",Fairy Tale
27850,Halloweentown,1998-11-10,6.8,4.7565,1998,"Fantasy, Comedy",Fantasy Epic
5994,The Family Man,2000-12-12,6.8,8.4757,2000,"Comedy, Drama, Romance, Fantasy",Fantasy Epic
13682,Pooh's Heffalump Movie,2005-02-11,6.8,6.5464,2005,"Family, Animation, Comedy, Fantasy",Fairy Tale
11497,All Dogs Go to Heaven,1989-11-17,6.8,7.91,1989,"Drama, Animation, Family, Comedy, Fantasy",Fairy Tale
2300,Space Jam,1996-11-15,6.8,8.0401,1996,"Family, Animation, Sci-Fi, Fantasy, Comedy",Fairy Tale
795,City of Angels,1998-04-10,6.8,7.4802,1998,"Romance, Drama, Fantasy",Fantasy Epic
9387,Conan the Barbarian,1982-03-16,6.8,8.8994,1982,"Adventure, Fantasy, Action",Sword and Sorcery
759175,The Princess,2022-06-16,6.8,5.9421,2022,"Action, Fantasy",Sword and Sorcery
18198,Barbie Mariposa,2008-02-26,6.8,5.1277,2008,"Animation, Fantasy, Family",Fairy Tale
1001865,Scrooge: A Christmas Carol,2022-11-18,6.8,5.3868,2022,"Animation, Family, Fantasy",Fairy Tale
668482,Roald Dahl's Matilda the Musical,2022-11-25,6.8,7.9648,2022,"Family, Comedy, Fantasy",Fantasy Epic
1226863,The Super Mario Galaxy Movie,2026-04-01,6.8,828.4621,2026,"Family, Comedy, Adventure, Fantasy, Animation",Fairy Tale
16910,Naruto the Movie: Legend of the Stone of Gelel,2005-08-06,6.8,5.4142,2005,"Animation, Adventure, Fantasy",Fantasy Epic
11319,The Rescuers,1977-06-22,6.8,4.1419,1977,"Fantasy, Family, Animation, Adventure",Fairy Tale
228161,Home,2015-03-18,6.8,9.08,2015,"Fantasy, Comedy, Animation, Sci-Fi, Family",Fairy Tale
9647,Scrooged,1988-11-22,6.8,5.6247,1988,"Fantasy, Comedy, Drama",Fantasy Epic
2179,Tenacious D in The Pick of Destiny,2006-11-22,6.8,6.7701,2006,"Comedy, Fantasy, Adventure",Fantasy Epic
601796,Alienoid,2022-07-20,6.8,5.9297,2022,"Sci-Fi, Action, Fantasy, Adventure",Sword and Sorcery
8871,How the Grinch Stole Christmas,2000-11-17,6.8,9.9435,2000,"Family, Comedy, Fantasy",Fantasy Epic
424781,Sorry to Bother You,2018-07-06,6.8,6.256,2018,"Fantasy, Sci-Fi, Comedy",Fantasy Epic
9374,Death Becomes Her,1992-07-30,6.8,8.459,1992,"Comedy, Fantasy, Horror",Dark Fantasy
9100,The Craft,1996-05-03,6.8,8.6101,1996,"Horror, Drama, Fantasy",Dark Fantasy
10096,13 Going on 30,2004-04-13,6.8,8.8944,2004,"Comedy, Fantasy, Romance",Fantasy Epic
10195,Thor,2011-04-21,6.8,14.1397,2011,"Adventure, Fantasy, Action",Sword and Sorcery
11253,Hellboy II: The Golden Army,2008-07-11,6.8,5.5623,2008,"Fantasy, Action",Sword and Sorcery
325189,Teen Beach 2,2015-06-26,6.8,5.1876,2015,"Family, Comedy, Fantasy",Fantasy Epic
159824,Hotel Transylvania 2,2015-09-21,6.8,10.0941,2015,"Animation, Comedy, Family, Fantasy",Fairy Tale
6435,Practical Magic,1998-10-16,6.8,8.9597,1998,"Romance, Comedy, Fantasy",Fantasy Epic
571891,Pokémon the Movie: Mewtwo Strikes Back - Evolution,2019-07-12,6.8,4.4404,2019,"Animation, Adventure, Fantasy, Action, Family",Fairy Tale
44683,Tinker Bell and the Great Fairy Rescue,2010-07-29,6.8,6.8967,2010,"Animation, Adventure, Family, Fantasy",Fairy Tale
635910,The Last Voyage of the Demeter,2023-08-09,6.8,7.2689,2023,"Horror, Fantasy",Dark Fantasy
10510,Miracle on 34th Street,1994-11-18,6.8,6.2914,1994,"Fantasy, Drama, Family",Fantasy Epic
4244,The Kid,2000-07-07,6.8,4.121,2000,"Fantasy, Comedy, Family",Fantasy Epic
15849,The Mummy,1932-12-22,6.7,4.6861,1932,"Horror, Fantasy",Dark Fantasy
21481,Twitches,2005-10-14,6.7,6.3407,2005,"Comedy, Drama, Family, Fantasy",Fantasy Epic
755566,Day Shift,2022-08-12,6.7,8.2696,2022,"Action, Fantasy, Horror, Comedy, Thriller",Dark Fantasy
7985,Penelope,2007-11-17,6.7,6.6638,2007,"Fantasy, Comedy, Romance",Fantasy Epic
36897,Pokémon: Mewtwo Returns,2001-08-17,6.7,2.6543,2001,"Animation, Family, Action, Adventure, Drama, Fantasy",Fairy Tale
12599,Pokémon the Movie 2000,1999-07-17,6.7,4.7352,1999,"Adventure, Fantasy, Animation, Sci-Fi, Family",Fairy Tale
1870,Fantomas Unleashed,1965-12-08,6.7,1.6957,1965,"Comedy, Crime, Adventure, Fantasy",Fantasy Epic
253980,Marvel One-Shot: All Hail the King,2014-02-04,6.7,4.6151,2014,"Action, Comedy, Fantasy",Sword and Sorcery
10837,DuckTales: The Movie - Treasure of the Lost Lamp,1990-08-03,6.7,6.0334,1990,"Adventure, Animation, Family, Comedy, Fantasy",Fairy Tale
8967,The Tree of Life,2011-05-17,6.7,6.5198,2011,"Drama, Fantasy",Fantasy Epic
310,Bruce Almighty,2003-05-23,6.7,9.1238,2003,"Fantasy, Comedy",Fantasy Epic
974262,Descendants: The Rise of Red,2024-07-11,6.7,9.9684,2024,"Fantasy, Adventure, Family, Comedy",Fantasy Epic
5255,The Polar Express,2004-11-10,6.7,9.8468,2004,"Animation, Family, Fantasy, Adventure",Fairy Tale
524216,The Mortuary Collection,2020-09-25,6.7,5.3568,2020,"Fantasy, Horror",Dark Fantasy
1875,Fantomas vs. Scotland Yard,1967-03-16,6.7,1.7147,1967,"Comedy, Crime, Adventure, Fantasy",Fantasy Epic
13155,Return to Oz,1985-06-21,6.7,5.2741,1985,"Adventure, Family, Fantasy",Fantasy Epic
662546,Godmothered,2020-12-04,6.7,5.3947,2020,"Family, Fantasy, Comedy",Fantasy Epic
43645,The Little Devil,1988-07-01,6.7,1.2786,1988,"Comedy, Fantasy",Fantasy Epic
13509,The Monster Squad,1987-08-14,6.7,5.4727,1987,"Comedy, Action, Fantasy",Sword and Sorcery
798286,Beau Is Afraid,2023-04-14,6.7,9.5094,2023,"Comedy, Adventure, Fantasy",Fantasy Epic
426063,Nosferatu,2024-12-25,6.7,13.4579,2024,"Horror, Fantasy",Dark Fantasy
10072,A Nightmare on Elm Street 3: Dream Warriors,1987-02-27,6.7,3.5423,1987,"Horror, Thriller, Fantasy",Dark Fantasy
9297,Monster House,2006-06-30,6.7,7.4262,2006,"Animation, Comedy, Family, Fantasy",Fairy Tale
170687,The Boxtrolls,2014-09-10,6.7,7.6508,2014,"Animation, Comedy, Family, Fantasy",Fairy Tale
46146,Troll Hunter,2010-10-29,6.7,3.2311,2010,"Fantasy, Horror",Dark Fantasy
11548,*batteries not included,1987-12-18,6.7,5.1076,1987,"Family, Comedy, Fantasy, Sci-Fi",Fantasy Epic
785457,Afterlife of the Party,2021-09-02,6.7,5.4623,2021,"Fantasy, Comedy, Drama",Fantasy Epic
426284,Blade of the Immortal,2017-04-29,6.7,3.3041,2017,"Action, Fantasy, Adventure",Sword and Sorcery
484510,Trolls Holiday,2017-11-01,6.7,5.0762,2017,"Adventure, Animation, Family, Fantasy",Fairy Tale
338958,Disenchanted,2022-11-18,6.7,7.1115,2022,"Comedy, Family, Fantasy",Fantasy Epic
517839,Border,2018-09-27,6.7,2.2117,2018,"Fantasy, Drama, Crime",Fantasy Epic
78698,Big Miracle,2012-02-02,6.7,4.5895,2012,"Adventure, Drama, Romance, Fantasy",Fantasy Epic
11283,Nanny McPhee,2005-10-21,6.7,8.6198,2005,"Fantasy, Comedy, Family",Fantasy Epic
21683,Batman: Mystery of the Batwoman,2003-10-21,6.7,5.9687,2003,"Fantasy, Animation, Adventure, Crime, Action, Drama",Sword and Sorcery
8204,The Spiderwick Chronicles,2008-02-14,6.7,9.455,2008,"Family, Adventure, Fantasy, Drama",Fantasy Epic
515195,Yesterday,2019-06-26,6.7,6.3594,2019,"Comedy, Fantasy, Romance",Fantasy Epic
5680,Elvira: Mistress of the Dark,1988-09-30,6.7,5.8557,1988,"Comedy, Fantasy, Horror",Dark Fantasy
1487,Hellboy,2004-04-02,6.7,7.5137,2004,"Fantasy, Action",Sword and Sorcery
13768,Tuck Everlasting,2002-10-11,6.7,5.5606,2002,"Drama, Family, Fantasy, Romance",Fantasy Epic
34204,Return to Halloweentown,2006-10-20,6.7,4.6404,2006,"Family, Fantasy, Comedy, Action",Fantasy Epic
10719,Elf,2003-11-07,6.7,8.2675,2003,"Comedy, Family, Fantasy",Fantasy Epic
166426,Pirates of the Caribbean: Dead Men Tell No Tales,2017-05-23,6.7,11.1764,2017,"Adventure, Action, Fantasy",Sword and Sorcery
823482,Dream Scenario,2023-11-10,6.7,7.4686,2023,"Comedy, Fantasy",Fantasy Epic
330764,The Brand New Testament,2015-09-02,6.6,2.7042,2015,"Comedy, Fantasy",Fantasy Epic
287590,Saint Seiya: Legend of Sanctuary,2014-06-21,6.6,3.3128,2014,"Action, Animation, Fantasy",Sword and Sorcery
2897,Around the World in 80 Days,1956-10-17,6.6,7.1282,1956,"Adventure, Comedy, Family, Fantasy, Romance",Fantasy Epic
967941,Wicked: For Good,2025-11-19,6.6,18.7248,2025,"Fantasy, Adventure, Romance",Fantasy Epic
12155,Alice in Wonderland,2010-03-03,6.6,13.9867,2010,"Family, Fantasy, Adventure",Fantasy Epic
621870,Secret Society of Second-Born Royals,2020-09-25,6.6,5.8767,2020,"Action, Adventure, Comedy, Fantasy",Sword and Sorcery
38368,Uncle Boonmee Who Can Recall His Past Lives,2010-06-25,6.6,1.6419,2010,"Drama, Fantasy",Fantasy Epic
12185,Heaven Can Wait,1978-06-28,6.6,4.9961,1978,"Fantasy, Comedy, Romance",Fantasy Epic
36819,Time Bandits,1981-07-13,6.6,5.5709,1981,"Family, Fantasy, Sci-Fi, Adventure, Comedy",Fantasy Epic
1729,The Forbidden Kingdom,2008-04-17,6.6,7.778,2008,"Action, Adventure, Fantasy",Sword and Sorcery
626412,Alienoid: Return to the Future,2024-01-10,6.6,3.7205,2024,"Action, Fantasy, Adventure, Sci-Fi",Sword and Sorcery
2454,The Chronicles of Narnia: Prince Caspian,2008-05-15,6.6,9.2323,2008,"Adventure, Family, Fantasy",Fantasy Epic
338953,Fantastic Beasts: The Secrets of Dumbledore,2022-04-06,6.6,10.4875,2022,"Fantasy, Adventure",Fantasy Epic
136799,Trolls,2016-10-13,6.6,9.7834,2016,"Family, Animation, Fantasy, Adventure, Comedy",Fairy Tale
9463,Vampire Hunter D,1985-12-21,6.6,4.0883,1985,"Animation, Fantasy, Horror",Dark Fantasy
577242,Kaamelott: The First Chapter,2021-07-21,6.6,2.4171,2021,"Adventure, Fantasy, Comedy",Fantasy Epic
433422,Fairy Tail: Dragon Cry,2017-05-06,6.6,3.6091,2017,"Action, Adventure, Comedy, Fantasy, Animation",Sword and Sorcery
834,Underworld: Evolution,2006-01-12,6.6,8.0497,2006,"Fantasy, Action, Thriller",Dark Fantasy
559907,The Green Knight,2021-07-29,6.6,7.5965,2021,"Adventure, Drama, Fantasy",Fantasy Epic
481084,The Addams Family,2019-10-10,6.6,7.9949,2019,"Family, Animation, Comedy, Fantasy",Fairy Tale
4958,The Legend of Bagger Vance,2000-11-02,6.6,5.0042,2000,"Drama, Romance, Fantasy",Fantasy Epic
1593,Night at the Museum,2006-12-20,6.6,10.7579,2006,"Fantasy, Family, Comedy",Fantasy Epic
2978,Ghostbusters II,1989-06-16,6.6,7.9724,1989,"Comedy, Fantasy",Fantasy Epic
123,The Lord of the Rings,1978-11-15,6.6,6.1143,1978,"Adventure, Animation, Fantasy",Fantasy Epic
417859,Puss in Boots,2011-10-27,6.6,9.455,2011,"Animation, Family, Fantasy, Adventure, Comedy",Fairy Tale
10539,James and the Giant Peach,1996-04-12,6.6,5.0553,1996,"Family, Animation, Adventure, Fantasy",Fairy Tale
329996,Dumbo,2019-03-27,6.6,6.7163,2019,"Family, Fantasy, Adventure",Fantasy Epic
22586,The Swan Princess,1994-11-18,6.6,6.2985,1994,"Family, Animation, Fantasy, Adventure, Comedy",Fairy Tale
10330,Freaky Friday,2003-08-05,6.6,8.404,2003,"Family, Fantasy, Comedy, Romance",Fantasy Epic
448119,Dolittle,2020-01-02,6.6,8.7276,2020,"Family, Comedy, Fantasy, Adventure",Fantasy Epic
46528,The Warrior's Way,2010-12-01,6.6,5.6841,2010,"Adventure, Fantasy, Action, Thriller",Dark Fantasy
454467,Noelle,2019-11-12,6.6,4.4885,2019,"Family, Comedy, Fantasy",Fantasy Epic
14136,The Love Bug,1968-12-23,6.6,4.8487,1968,"Comedy, Family, Fantasy",Fantasy Epic
622855,Jingle Jangle: A Christmas Journey,2020-11-06,6.6,6.7148,2020,"Family, Fantasy",Fantasy Epic
1865,Pirates of the Caribbean: On Stranger Tides,2011-05-15,6.6,16.4911,2011,"Adventure, Action, Fantasy",Sword and Sorcery
10215,Sliding Doors,1998-04-23,6.6,5.0191,1998,"Comedy, Drama, Fantasy, Romance",Fantasy Epic
413518,Pinocchio,2019-12-19,6.6,3.0122,2019,"Drama, Family, Fantasy",Fantasy Epic
241259,Alice Through the Looking Glass,2016-05-25,6.6,12.4511,2016,"Adventure, Family, Fantasy",Fantasy Epic
18032,The Secret of Moonacre,2009-02-06,6.6,5.5875,2009,"Adventure, Fantasy, Romance",Fantasy Epic
433310,When We First Met,2018-02-08,6.6,5.1991,2018,"Comedy, Romance, Fantasy",Fantasy Epic
736526,Troll,2022-11-30,6.6,3.3316,2022,"Fantasy, Action, Adventure",Sword and Sorcery
11551,Small Soldiers,1998-07-10,6.6,5.5439,1998,"Comedy, Adventure, Fantasy, Sci-Fi, Action",Sword and Sorcery
526051,Look Away,2018-10-12,6.6,8.3891,2018,"Horror, Thriller, Fantasy",Dark Fantasy
36586,Blade II,2002-03-22,6.6,9.6682,2002,"Fantasy, Horror, Action, Thriller",Dark Fantasy
274857,King Arthur: Legend of the Sword,2017-05-10,6.6,9.9737,2017,"Action, Drama, Fantasy",Sword and Sorcery
412656,Chaos Walking,2021-02-24,6.6,7.9976,2021,"Fantasy, Sci-Fi, Adventure",Fantasy Epic
293167,Kong: Skull Island,2017-03-08,6.6,13.1516,2017,"Action, Adventure, Fantasy",Sword and Sorcery
116711,Epic,2013-05-15,6.5,7.7717,2013,"Animation, Adventure, Family, Fantasy",Fairy Tale
8840,DragonHeart,1996-05-31,6.5,6.8977,1996,"Fantasy, Action, Adventure, Drama",Sword and Sorcery
839033,The Lord of the Rings: The War of the Rohirrim,2024-12-05,6.5,9.3974,2024,"Animation, Fantasy, Adventure, Action",Sword and Sorcery
400157,Wonder Park,2019-03-13,6.5,7.5399,2019,"Comedy, Animation, Adventure, Family, Fantasy",Fairy Tale
381890,The Mermaid,2016-02-08,6.5,4.2386,2016,"Comedy, Fantasy, Romance",Fantasy Epic
125521,Slayers Return,1996-08-03,6.5,2.9624,1996,"Animation, Adventure, Comedy, Fantasy",Fantasy Epic
16119,Cinderella III: A Twist in Time,2007-02-06,6.5,7.109,2007,"Animation, Romance, Family, Fantasy",Fairy Tale
420426,Bleach,2018-07-20,6.5,2.5785,2018,"Action, Fantasy, Adventure",Sword and Sorcery
6069,The Witches of Eastwick,1987-06-12,6.5,7.3377,1987,"Comedy, Fantasy, Horror",Dark Fantasy
54318,The Water Horse,2007-12-25,6.5,4.6169,2007,"Family, Adventure, Fantasy",Fantasy Epic
12437,Underworld: Rise of the Lycans,2009-01-22,6.5,7.8791,2009,"Fantasy, Action, Thriller",Dark Fantasy
11814,Weird Science,1985-08-01,6.5,7.3836,1985,"Comedy, Fantasy, Sci-Fi, Romance",Fantasy Epic
10991,Pokémon 3: The Movie,2000-07-08,6.5,5.2881,2000,"Adventure, Fantasy, Animation, Action, Family",Fairy Tale
37933,Tales from Earthsea,2006-07-29,6.5,4.6067,2006,"Animation, Fantasy, Adventure",Fantasy Epic
1139829,Orion and the Dark,2024-02-01,6.5,7.0017,2024,"Animation, Family, Comedy, Fantasy, Adventure",Fairy Tale
572802,Aquaman and the Lost Kingdom,2023-12-20,6.5,13.7223,2023,"Action, Adventure, Fantasy",Sword and Sorcery
928,Gremlins 2: The New Batch,1990-06-15,6.5,8.1263,1990,"Comedy, Horror, Fantasy",Dark Fantasy
246655,X-Men: Apocalypse,2016-05-18,6.5,13.5518,2016,"Sci-Fi, Fantasy, Action",Sword and Sorcery
12797,Ghost Town,2008-09-19,6.5,5.4282,2008,"Comedy, Romance, Drama, Fantasy",Fantasy Epic
10052,Dragonfly,2002-02-22,6.5,5.6126,2002,"Drama, Thriller, Fantasy",Dark Fantasy
458576,Monster Hunter,2020-12-03,6.5,6.8769,2020,"Action, Fantasy, Adventure",Sword and Sorcery
12222,Horton Hears a Who!,2008-03-03,6.5,9.9628,2008,"Animation, Comedy, Family, Adventure, Fantasy",Fairy Tale
11395,The Santa Clause,1994-11-11,6.5,5.754,1994,"Fantasy, Drama, Comedy, Family",Fantasy Epic
400650,Mary Poppins Returns,2018-12-13,6.5,6.5311,2018,"Fantasy, Family, Comedy",Fantasy Epic
37725,It's a Boy Girl Thing,2006-07-15,6.5,5.2375,2006,"Comedy, Fantasy, Romance",Fantasy Epic
11559,Tideland,2005-10-13,6.5,5.0026,2005,"Fantasy, Drama, Thriller",Dark Fantasy
76338,Thor: The Dark World,2013-10-30,6.5,12.0279,2013,"Action, Adventure, Fantasy",Sword and Sorcery
11827,Heavy Metal,1981-08-07,6.5,5.7708,1981,"Animation, Sci-Fi, Adventure, Fantasy",Fantasy Epic
11980,The Prophecy,1995-08-05,6.5,4.6244,1995,"Fantasy, Horror, Thriller, Action, Drama",Dark Fantasy
13465,The Adventures of Ichabod and Mr. Toad,1949-10-05,6.5,5.2497,1949,"Horror, Fantasy, Animation, Family",Dark Fantasy
654028,The Christmas Chronicles: Part Two,2020-11-18,6.5,4.7248,2020,"Family, Fantasy, Adventure, Comedy",Fantasy Epic
301804,Before I Wake,2016-04-07,6.5,5.2974,2016,"Drama, Fantasy, Horror, Thriller",Dark Fantasy
16523,Where the Wild Things Are,2009-10-16,6.5,6.9688,2009,"Fantasy, Drama, Adventure, Family",Fantasy Epic
10326,Forever Young,1992-12-16,6.5,3.646,1992,"Adventure, Fantasy, Drama, Sci-Fi, Romance",Fantasy Epic
9707,Bubba Ho-tep,2002-06-09,6.5,3.3622,2002,"Comedy, Horror, Thriller, Fantasy",Dark Fantasy
877183,The Simpsons in Plusaversary,2021-11-12,6.5,3.5846,2021,"Animation, Comedy, Fantasy",Fantasy Epic
489326,Mortal,2020-02-28,6.5,5.086,2020,"Action, Fantasy, Thriller",Dark Fantasy
16690,Return to Never Land,2002-02-14,6.5,7.4444,2002,"Adventure, Fantasy, Animation, Family",Fairy Tale
14442,Ella Enchanted,2004-04-09,6.5,7.8213,2004,"Family, Fantasy, Comedy",Fantasy Epic
12600,Pokémon 4Ever,2001-07-07,6.5,4.1139,2001,"Adventure, Fantasy, Animation, Sci-Fi, Family",Fairy Tale
9294,Phenomenon,1996-07-05,6.5,6.2149,1996,"Drama, Romance, Fantasy",Fantasy Epic
15301,Twilight Zone: The Movie,1983-06-24,6.5,5.5836,1983,"Horror, Fantasy, Sci-Fi",Dark Fantasy
9593,Last Action Hero,1993-06-18,6.5,6.2833,1993,"Adventure, Fantasy, Action, Comedy, Family",Fantasy Epic
296271,The Devil Conspiracy,2023-01-13,6.5,5.3121,2023,"Horror, Fantasy, Sci-Fi, Thriller",Dark Fantasy
448095,I Still See You,2018-09-27,6.5,4.9787,2018,"Thriller, Fantasy",Dark Fantasy
621151,Spell,2020-10-30,6.5,4.6798,2020,"Thriller, Horror, Fantasy",Dark Fantasy
460793,Olaf's Frozen Adventure,2017-10-27,6.5,6.8632,2017,"Animation, Family, Adventure, Comedy, Fantasy",Fairy Tale
14191,Aquamarine,2006-03-03,6.5,6.0642,2006,"Fantasy, Romance, Family, Comedy",Fantasy Epic
11596,Wes Craven's New Nightmare,1994-10-13,6.5,8.6852,1994,"Horror, Fantasy",Dark Fantasy
11359,The Indian in the Cupboard,1995-07-14,6.5,5.026,1995,"Adventure, Family, Fantasy",Fantasy Epic
355547,The Star,2017-11-15,6.5,6.1309,2017,"Animation, Comedy, Adventure, Family, Fantasy",Fairy Tale
36968,Life-Size,2000-03-05,6.5,3.4169,2000,"Family, Comedy, Fantasy",Fantasy Epic
50620,The Twilight Saga: Breaking Dawn - Part 2,2012-11-13,6.5,12.421,2012,"Fantasy, Drama, Romance",Fantasy Epic
991,The Man Who Fell to Earth,1976-03-18,6.5,5.6544,1976,"Sci-Fi, Drama, Fantasy",Fantasy Epic
28032,Thumbelina,1994-03-30,6.5,5.9854,1994,"Animation, Fantasy, Romance, Family",Fairy Tale
649609,Renfield,2023-04-07,6.5,7.0946,2023,"Comedy, Fantasy, Horror",Dark Fantasy
967847,Ghostbusters: Frozen Empire,2024-03-20,6.4,8.7371,2024,"Fantasy, Adventure, Comedy",Fantasy Epic
49017,Dracula Untold,2014-10-01,6.4,5.37,2014,"Horror, Action, Fantasy",Dark Fantasy
72105,Ted,2012-06-29,6.4,13.8248,2012,"Comedy, Fantasy",Fantasy Epic
10140,The Chronicles of Narnia: The Voyage of the Dawn Treader,2010-12-02,6.4,9.6568,2010,"Adventure, Family, Fantasy",Fantasy Epic
314405,Tale of Tales,2015-05-14,6.4,3.4185,2015,"Romance, Fantasy, Horror",Dark Fantasy
616747,Haunted Mansion,2023-07-26,6.4,6.464,2023,"Comedy, Drama, Fantasy",Fantasy Epic
123553,The Mortal Instruments: City of Bones,2013-08-21,6.4,9.3129,2013,"Fantasy, Action",Sword and Sorcery
10957,The Black Cauldron,1985-07-24,6.4,7.7181,1985,"Animation, Adventure, Family, Fantasy",Fairy Tale
606117,A Cinderella Story: Christmas Wish,2019-10-15,6.4,5.5663,2019,"Romance, Comedy, Fantasy",Fantasy Epic
594767,Shazam! Fury of the Gods,2023-03-15,6.4,10.3068,2023,"Comedy, Action, Fantasy",Sword and Sorcery
788929,Lamb,2021-08-12,6.4,2.8895,2021,"Drama, Fantasy, Horror",Dark Fantasy
119569,Marvel One-Shot: Item 47,2012-08-29,6.4,3.5709,2012,"Sci-Fi, Action, Fantasy",Sword and Sorcery
75,Mars Attacks!,1996-12-13,6.4,9.1523,1996,"Comedy, Fantasy, Sci-Fi",Fantasy Epic
11653,The Myth,2005-05-11,6.4,6.8665,2005,"Action, Adventure, Comedy, Drama, Fantasy",Sword and Sorcery
1153714,Death of a Unicorn,2025-03-27,6.4,9.5669,2025,"Horror, Fantasy, Comedy",Dark Fantasy
1180831,Troll 2,2025-11-30,6.4,14.2262,2025,"Action, Fantasy, Thriller",Dark Fantasy
670355,Return,,6.4,0.0929,,"Drama, Fantasy",Fantasy Epic
300168,Dragon Blade,2015-02-19,6.4,3.3618,2015,"Adventure, Action, Fantasy",Sword and Sorcery
22620,Scooby-Doo! The Mystery Begins,2009-09-13,6.4,5.2107,2009,"Comedy, Fantasy",Fantasy Epic
15139,The Pagemaster,1994-11-23,6.4,5.8839,1994,"Family, Fantasy, Animation",Fairy Tale
68735,Warcraft,2016-05-25,6.4,9.8399,2016,"Action, Adventure, Fantasy",Sword and Sorcery
1734,The Mummy Returns,2001-05-04,6.4,18.8246,2001,"Adventure, Action, Fantasy",Sword and Sorcery
10192,Shrek Forever After,2010-05-20,6.4,13.9148,2010,"Comedy, Adventure, Fantasy, Animation, Family",Fairy Tale
798021,Family Switch,2023-11-30,6.4,7.3249,2023,"Comedy, Fantasy, Family",Fantasy Epic
13225,FernGully: The Last Rainforest,1992-04-10,6.4,6.1853,1992,"Family, Fantasy, Animation, Adventure",Fairy Tale
26515,Pumpkinhead,1988-06-09,6.4,5.7711,1988,"Fantasy, Horror",Dark Fantasy
8054,The Imaginarium of Doctor Parnassus,2009-10-01,6.4,6.2069,2009,"Adventure, Fantasy",Fantasy Epic
294272,Pete's Dragon,2016-08-10,6.4,5.9619,2016,"Adventure, Family, Fantasy",Fantasy Epic
9992,Arthur and the Invisibles,2006-12-13,6.4,5.7833,2006,"Adventure, Fantasy, Animation, Family",Fairy Tale
616037,Thor: Love and Thunder,2022-07-06,6.4,14.2384,2022,"Fantasy, Action, Comedy",Sword and Sorcery
464052,Wonder Woman 1984,2020-12-16,6.4,10.1938,2020,"Action, Adventure, Fantasy",Sword and Sorcery
20481,Nightbreed,1990-02-16,6.4,5.9637,1990,"Horror, Fantasy",Dark Fantasy
338970,Tomb Raider,2018-03-05,6.4,8.2395,2018,"Action, Adventure, Fantasy",Sword and Sorcery
477033,Errementari: The Blacksmith and the Devil,2018-03-02,6.4,1.9337,2018,"Drama, Fantasy, Horror",Dark Fantasy
435707,Skins,2017-06-09,6.4,2.1532,2017,"Drama, Comedy, Fantasy",Fantasy Epic
13394,Shrek the Halls,2007-11-28,6.4,5.5439,2007,"Adventure, Animation, Comedy, Fantasy, Family",Fairy Tale
11852,The Hot Chick,2002-12-13,6.4,8.468,2002,"Comedy, Fantasy",Fantasy Epic
1086747,The Watchers,2024-06-06,6.4,8.0706,2024,"Fantasy, Horror",Dark Fantasy
9785,The Invisible,2007-04-27,6.4,5.0049,2007,"Fantasy, Thriller",Dark Fantasy
8960,Hancock,2008-07-01,6.4,7.2354,2008,"Fantasy, Action",Sword and Sorcery
324544,In the Lost Lands,2025-02-27,6.3,10.8897,2025,"Action, Fantasy",Sword and Sorcery
13600,City of Ember,2008-10-07,6.3,6.8111,2008,"Adventure, Family, Fantasy",Fantasy Epic
521034,The Secret Garden,2020-07-08,6.3,5.2991,2020,"Family, Fantasy, Drama",Fantasy Epic
11232,Kate & Leopold,2001-12-25,6.3,5.3174,2001,"Romance, Comedy, Fantasy",Fantasy Epic
8839,Casper,1995-05-26,6.3,9.1693,1995,"Fantasy, Comedy, Family",Fantasy Epic
531219,Roald Dahl's The Witches,2020-10-26,6.3,11.0914,2020,"Comedy, Fantasy, Family, Horror",Dark Fantasy
52520,Underworld: Awakening,2012-01-19,6.3,7.4633,2012,"Fantasy, Action, Horror",Dark Fantasy
8965,Atlantis: Milo's Return,2003-02-25,6.3,5.6131,2003,"Fantasy, Animation, Sci-Fi, Family, Action",Fairy Tale
606234,Archive,2020-08-13,6.3,6.4961,2020,"Sci-Fi, Drama, Fantasy, Thriller",Dark Fantasy
593910,Cinderella,2021-09-03,6.3,6.8555,2021,"Fantasy, Romance, Comedy",Fantasy Epic
40205,16 Wishes,2010-10-02,6.3,5.6998,2010,"Fantasy, Drama, Family",Fantasy Epic
214756,Ted 2,2015-06-25,6.3,28.6542,2015,"Comedy, Fantasy",Fantasy Epic
203739,Vampire Academy,2014-02-07,6.3,5.8617,2014,"Comedy, Action, Fantasy",Sword and Sorcery
9945,Vampires,1998-10-30,6.3,6.6941,1998,"Action, Fantasy, Horror",Dark Fantasy
16996,17 Again,2009-03-11,6.3,7.8805,2009,"Comedy, Fantasy, Drama, Romance",Fantasy Epic
35019,Nanny McPhee and the Big Bang,2010-03-26,6.3,8.996,2010,"Comedy, Fantasy, Family",Fantasy Epic
9822,Mighty Joe Young,1998-12-25,6.3,6.471,1998,"Adventure, Family, Action, Fantasy",Fantasy Epic
976720,Vesper,2022-08-17,6.3,6.2397,2022,"Sci-Fi, Drama, Adventure, Fantasy",Fantasy Epic
638965,Mandibles,2021-05-19,6.3,1.6811,2021,"Comedy, Fantasy",Fantasy Epic
38117,Beastly,2011-01-21,6.3,6.6313,2011,"Romance, Fantasy, Drama",Fantasy Epic
409297,A Dark Song,2016-07-08,6.3,7.0892,2016,"Horror, Fantasy",Dark Fantasy
810,Shrek the Third,2007-05-17,6.3,11.5553,2007,"Fantasy, Adventure, Animation, Comedy, Family",Fairy Tale
9339,Click,2006-06-23,6.3,9.4869,2006,"Comedy, Drama, Fantasy",Fantasy Epic
149509,Horns,2013-09-06,6.3,6.7228,2013,"Drama, Fantasy, Thriller",Dark Fantasy
9543,Prince of Persia: The Sands of Time,2010-05-19,6.3,7.9474,2010,"Adventure, Fantasy, Action",Sword and Sorcery
11114,Pete's Dragon,1977-11-03,6.3,4.739,1977,"Fantasy, Animation, Comedy, Family",Fairy Tale
102780,Byzantium,2013-04-11,6.3,5.5734,2013,"Drama, Fantasy, Thriller",Dark Fantasy
532639,Pinocchio,2022-09-07,6.3,8.1454,2022,"Fantasy, Adventure, Family",Fantasy Epic
2309,Inkheart,2008-12-11,6.3,7.133,2008,"Adventure, Family, Fantasy",Fantasy Epic
455476,Knights of the Zodiac,2023-04-27,6.3,7.0432,2023,"Fantasy, Action, Sci-Fi",Sword and Sorcery
76122,Marvel One-Shot: The Consultant,2011-09-13,6.3,3.6849,2011,"Adventure, Fantasy, Sci-Fi, Action",Sword and Sorcery
16441,The Beastmaster,1982-08-16,6.3,4.6567,1982,"Fantasy, Adventure, Action",Sword and Sorcery
267935,The BFG,2016-06-01,6.3,8.2603,2016,"Adventure, Family, Fantasy",Fantasy Epic
19901,Daybreakers,2010-01-06,6.3,6.1134,2010,"Action, Fantasy, Sci-Fi",Sword and Sorcery
10730,King Kong,1976-09-08,6.3,6.5022,1976,"Adventure, Fantasy, Horror",Dark Fantasy
14207,The Librarian: Quest for the Spear,2004-07-12,6.3,5.7779,2004,"Adventure, Action, Fantasy",Sword and Sorcery
8966,Twilight,2008-11-20,6.3,22.6962,2008,"Fantasy, Drama, Romance",Fantasy Epic
339967,Colossal,2017-04-06,6.3,5.9795,2017,"Drama, Fantasy, Sci-Fi",Fantasy Epic
14208,The Librarian: Return to King Solomon's Mines,2006-09-09,6.3,5.0564,2006,"Fantasy, Action, Adventure",Sword and Sorcery
1013860,R.I.P.D. 2: Rise of the Damned,2022-11-15,6.3,3.8868,2022,"Fantasy, Action, Comedy",Sword and Sorcery
447277,The Little Mermaid,2023-05-18,6.3,17.395,2023,"Adventure, Family, Fantasy, Romance",Fantasy Epic
303542,The Invisible Boy,2014-12-18,6.3,2.2419,2014,"Fantasy, Sci-Fi, Family",Fantasy Epic
451500,Christmas & Co.,2017-12-06,6.3,2.7158,2017,"Comedy, Fantasy, Family",Fantasy Epic
58244,Upside Down,2012-09-27,6.3,5.8556,2012,"Romance, Sci-Fi, Drama, Fantasy",Fantasy Epic
24452,The Little Shop of Horrors,1960-05-04,6.3,4.0819,1960,"Horror, Comedy, Fantasy",Dark Fantasy
9598,Babe,1995-07-18,6.3,7.6504,1995,"Fantasy, Drama, Comedy, Family",Fantasy Epic
428399,Cold Skin,2017-10-20,6.3,5.2923,2017,"Horror, Fantasy, Drama",Dark Fantasy
11342,Warlock,1989-06-01,6.3,5.2868,1989,"Horror, Fantasy, Action",Dark Fantasy
950387,A Minecraft Movie,2025-03-31,6.3,28.6917,2025,"Family, Fantasy, Comedy, Adventure",Fantasy Epic
14728,The Librarian: The Curse of the Judas Chalice,2008-10-25,6.3,2.7359,2008,"Fantasy, Adventure, Comedy",Fantasy Epic
137321,Winter's Tale,2014-02-13,6.3,6.1503,2014,"Drama, Fantasy, Romance",Fantasy Epic
46929,Fun and Fancy Free,1947-09-27,6.3,5.1661,1947,"Animation, Family, Fantasy, Comedy, Adventure",Fairy Tale
2619,Splash,1984-03-09,6.3,5.6338,1984,"Comedy, Romance, Fantasy",Fantasy Epic
517302,Hatching,2022-03-04,6.3,2.103,2022,"Horror, Fantasy, Drama",Dark Fantasy
244458,The Voices,2014-01-19,6.3,6.8816,2014,"Comedy, Crime, Horror, Fantasy",Dark Fantasy
1098006,Fountain of Youth,2025-05-19,6.3,9.2416,2025,"Adventure, Fantasy",Fantasy Epic
35552,The Extraordinary Adventures of Adèle Blanc-Sec,2010-04-09,6.2,11.0491,2010,"Fantasy, Adventure, Action",Sword and Sorcery
2284,Mr. Magorium's Wonder Emporium,2007-11-16,6.2,3.943,2007,"Family, Fantasy, Comedy",Fantasy Epic
463821,The House with a Clock in Its Walls,2018-09-15,6.2,6.1887,2018,"Comedy, Fantasy, Family, Horror",Dark Fantasy
11976,Legend,1985-08-28,6.2,9.3423,1985,"Adventure, Fantasy",Fantasy Epic
11845,Intimacy,2001-01-20,6.2,7.4984,2001,"Romance, Drama, Fantasy",Fantasy Epic
11352,Always,1989-12-22,6.2,5.8536,1989,"Romance, Fantasy, Drama",Fantasy Epic
877269,Strange World,2022-11-23,6.2,6.3497,2022,"Animation, Family, Adventure, Fantasy, Sci-Fi",Fairy Tale
13313,Beauty and the Beast: The Enchanted Christmas,1997-11-11,6.2,7.855,1997,"Animation, Family, Fantasy",Fairy Tale
9694,One Missed Call,2003-11-03,6.2,2.3549,2003,"Horror, Fantasy",Dark Fantasy
1097870,Dear Santa,2024-11-24,6.2,4.6961,2024,"Comedy, Fantasy",Fantasy Epic
9986,Charlotte's Web,2006-12-07,6.2,6.8824,2006,"Comedy, Family, Fantasy",Fantasy Epic
279690,He Never Died,2015-12-18,6.2,4.1139,2015,"Comedy, Drama, Fantasy, Horror, Thriller",Dark Fantasy
515841,I Am Not an Easy Man,2018-04-13,6.2,1.6101,2018,"Comedy, Fantasy",Fantasy Epic
197796,Beauty and the Beast,2014-02-12,6.2,5.2195,2014,"Fantasy, Romance",Fantasy Epic
181533,Night at the Museum: Secret of the Tomb,2014-12-17,6.2,9.4277,2014,"Adventure, Comedy, Fantasy, Family",Fantasy Epic
3040,Night Watch,2004-07-08,6.2,2.4524,2004,"Fantasy, Action, Thriller",Dark Fantasy
1022796,Wish,2023-11-13,6.2,8.9407,2023,"Animation, Family, Fantasy, Adventure",Fairy Tale
48395,Rare Exports: A Christmas Tale,2010-12-03,6.2,2.4039,2010,"Fantasy, Horror",Dark Fantasy
32657,Percy Jackson & the Olympians: The Lightning Thief,2010-02-01,6.2,11.2087,2010,"Adventure, Fantasy, Family",Fantasy Epic
23082,The Invention of Lying,2009-10-02,6.2,5.4955,2009,"Comedy, Fantasy, Romance",Fantasy Epic
11824,Teen Wolf,1985-08-23,6.2,5.3081,1985,"Comedy, Fantasy, Romance",Fantasy Epic
460885,Mandy,2018-09-13,6.2,7.0334,2018,"Fantasy, Action, Horror",Dark Fantasy
64686,47 Ronin,2013-12-06,6.2,5.6488,2013,"Drama, Action, Fantasy",Sword and Sorcery
287903,Krampus,2015-11-26,6.2,6.7669,2015,"Horror, Comedy, Fantasy",Dark Fantasy
449563,Isn't It Romantic,2019-02-13,6.2,5.7828,2019,"Comedy, Fantasy, Romance",Fantasy Epic
6278,Reign of Fire,2002-07-09,6.2,6.463,2002,"Adventure, Action, Fantasy",Sword and Sorcery
454294,The Kid Who Would Be King,2019-01-16,6.2,5.4814,2019,"Action, Adventure, Fantasy, Family",Fantasy Epic
24021,The Twilight Saga: Eclipse,2010-06-23,6.2,11.5479,2010,"Adventure, Fantasy, Drama, Romance",Fantasy Epic
23629,Sucker Punch,2011-03-24,6.2,8.2473,2011,"Action, Fantasy, Thriller",Dark Fantasy
2114,Final Fantasy: The Spirits Within,2001-07-02,6.2,6.3428,2001,"Adventure, Action, Fantasy, Sci-Fi, Animation",Sword and Sorcery
50619,The Twilight Saga: Breaking Dawn - Part 1,2011-11-16,6.2,37.2493,2011,"Adventure, Fantasy, Romance",Fantasy Epic
11415,House,1985-12-06,6.2,5.0316,1985,"Comedy, Horror, Fantasy",Dark Fantasy
6552,Idle Hands,1999-04-30,6.2,5.6376,1999,"Comedy, Horror, Fantasy, Romance",Dark Fantasy
10185,The Midnight Meat Train,2008-08-07,6.2,5.6539,2008,"Horror, Fantasy",Dark Fantasy
47533,Scooby-Doo! Curse of the Lake Monster,2010-10-16,6.2,5.7349,2010,"Fantasy, Comedy, Adventure",Fantasy Epic
20701,Tales from the Darkside: The Movie,1990-05-03,6.2,4.9529,1990,"Thriller, Comedy, Fantasy, Horror",Dark Fantasy
419831,I Kill Giants,2017-11-15,6.2,3.9497,2017,"Fantasy, Drama",Fantasy Epic
10025,Just My Luck,2006-05-12,6.2,6.8786,2006,"Comedy, Drama, Family, Fantasy, Romance",Fantasy Epic
50479,Avalon High,2011-01-28,6.2,5.0386,2011,"Fantasy, Family, Drama",Fantasy Epic
9889,Shallow Hal,2001-11-01,6.2,6.7946,2001,"Comedy, Romance, Fantasy, Drama",Fantasy Epic
400106,Bright,2017-12-22,6.2,6.3178,2017,"Fantasy, Action, Thriller",Dark Fantasy
10202,Bedtime Stories,2008-12-24,6.2,7.1618,2008,"Fantasy, Comedy, Family, Romance",Fantasy Epic
18360,Night at the Museum: Battle of the Smithsonian,2009-05-20,6.2,6.9737,2009,"Adventure, Fantasy, Action, Comedy, Family",Fantasy Epic
10869,Herbie Rides Again,1974-02-12,6.2,2.6088,1974,"Romance, Comedy, Family, Fantasy",Fantasy Epic
10836,Dagon,2001-10-12,6.1,5.3653,2001,"Fantasy, Horror, Thriller",Dark Fantasy
403587,Return,1985-10-31,6.1,0.7633,1985,"Horror, Fantasy, Romance",Dark Fantasy
27022,The Sorcerer's Apprentice,2010-07-13,6.1,8.1828,2010,"Fantasy, Adventure, Action",Sword and Sorcery
1019420,Irish Wish,2024-03-14,6.1,5.9883,2024,"Romance, Comedy, Fantasy",Fantasy Epic
44603,Hereafter,2010-10-22,6.1,7.008,2010,"Drama, Fantasy",Fantasy Epic
157820,Mood Indigo,2013-01-10,6.1,1.2333,2013,"Drama, Fantasy",Fantasy Epic
8067,A Life Less Ordinary,1997-10-24,6.1,4.0172,1997,"Fantasy, Comedy, Romance",Fantasy Epic
8989,Harry and the Hendersons,1987-06-05,6.1,2.4852,1987,"Comedy, Family, Fantasy, Drama",Fantasy Epic
127867,The Brass Teapot,2012-09-08,6.1,2.3649,2012,"Comedy, Fantasy, Thriller",Dark Fantasy
9610,Conan the Destroyer,1984-06-29,6.1,6.9171,1984,"Adventure, Fantasy, Action",Sword and Sorcery
268896,Pacific Rim: Uprising,2018-03-21,6.1,8.8326,2018,"Action, Fantasy, Sci-Fi, Adventure",Sword and Sorcery
14128,Cinderella II: Dreams Come True,2002-02-23,6.1,9.5051,2002,"Family, Animation, Romance, Fantasy",Fairy Tale
613080,Once Upon a Time in Bethlehem,2019-12-12,6.1,0.7467,2019,"Comedy, Fantasy",Fantasy Epic
2269,Day Watch,2006-01-01,6.1,2.3062,2006,"Fantasy, Action, Adventure, Horror, Thriller",Dark Fantasy
10013,Peggy Sue Got Married,1986-10-10,6.1,5.5526,1986,"Comedy, Drama, Fantasy",Fantasy Epic
283378,Fallen,2016-11-10,6.1,5.663,2016,"Drama, Fantasy, Romance",Fantasy Epic
37861,Valhalla Rising,2009-09-04,6.1,5.3231,2009,"Adventure, Drama, Action, Fantasy",Sword and Sorcery
21972,Like Mike,2002-07-03,6.1,3.6585,2002,"Family, Comedy, Fantasy",Fantasy Epic
10351,Wishmaster,1997-09-19,6.1,3.872,1997,"Horror, Fantasy",Dark Fantasy
72358,A Thousand Words,2012-03-07,6.1,6.1302,2012,"Drama, Comedy, Fantasy",Fantasy Epic
60304,Hansel & Gretel: Witch Hunters,2013-01-17,6.1,9.4091,2013,"Fantasy, Horror, Action",Dark Fantasy
228165,The SpongeBob Movie: Sponge Out of Water,2015-01-28,6.1,8.7505,2015,"Family, Animation, Adventure, Fantasy, Comedy",Fairy Tale
442062,Goosebumps 2: Haunted Halloween,2018-10-11,6.1,7.6612,2018,"Comedy, Fantasy, Horror, Family",Dark Fantasy
62213,Dark Shadows,2012-05-09,6.1,9.0844,2012,"Comedy, Fantasy",Fantasy Epic
590995,The Craft: Legacy,2020-10-28,6.1,7.4805,2020,"Horror, Drama, Fantasy",Dark Fantasy
296100,The Night Before,2015-11-20,6.1,5.5933,2015,"Comedy, Adventure, Fantasy",Fantasy Epic
1636,Bedazzled,2000-10-19,6.1,7.7298,2000,"Fantasy, Comedy, Romance",Fantasy Epic
739990,Nightbooks,2021-09-15,6.1,5.4651,2021,"Fantasy, Horror, Family",Dark Fantasy
9946,End of Days,1999-11-24,6.1,8.7807,1999,"Action, Horror, Fantasy",Dark Fantasy
461928,Anna and the Apocalypse,2018-11-30,6.1,3.8017,2018,"Horror, Comedy, Fantasy",Dark Fantasy
426543,The Nutcracker and the Four Realms,2018-10-26,6.1,6.5188,2018,"Family, Fantasy, Adventure",Fantasy Epic
11979,Queen of the Damned,2002-02-10,6.1,7.7624,2002,"Fantasy, Horror, Romance",Dark Fantasy
2268,The Golden Compass,2007-12-04,6.1,9.0694,2007,"Adventure, Fantasy",Fantasy Epic
780609,Men,2022-05-20,6.1,6.8746,2022,"Horror, Thriller, Fantasy",Dark Fantasy
157834,The Zero Theorem,2013-09-20,6.1,3.1376,2013,"Drama, Fantasy, Sci-Fi",Fantasy Epic
8850,The Shadow,1994-07-01,6.1,4.415,1994,"Fantasy, Action, Crime",Sword and Sorcery
428045,Iron Mask,2019-08-16,6.1,6.6899,2019,"Action, Adventure, Family, Fantasy",Fantasy Epic
254194,Starry Eyes,2014-07-29,6.1,1.3223,2014,"Horror, Fantasy",Dark Fantasy
6917,The Gate,1987-04-21,6.1,5.19,1987,"Horror, Fantasy",Dark Fantasy
10137,Stuart Little,1999-12-17,6.1,8.3548,1999,"Family, Fantasy, Comedy, Adventure",Fantasy Epic
11428,Sleepwalkers,1992-04-10,6.1,7.8428,1992,"Horror, Fantasy, Thriller",Dark Fantasy
849,Krull,1983-07-29,6.0,8.6483,1983,"Action, Adventure, Fantasy, Sci-Fi",Sword and Sorcery
23488,Dorian Gray,2009-09-09,6.0,4.3344,2009,"Fantasy, Drama, Thriller",Dark Fantasy
37958,Immortals,2011-11-10,6.0,7.8183,2011,"Fantasy, Action, Drama",Sword and Sorcery
6217,Cat People,1982-04-02,6.0,4.7918,1982,"Fantasy, Horror",Dark Fantasy
9449,The Borrowers,1997-12-05,6.0,4.85,1997,"Adventure, Fantasy, Action, Comedy, Family",Fantasy Epic
109491,Beautiful Creatures,2013-02-13,6.0,5.8088,2013,"Fantasy, Drama, Romance",Fantasy Epic
32985,Solomon Kane,2009-12-23,6.0,6.3596,2009,"Adventure, Fantasy, Action",Sword and Sorcery
9745,Jack Frost,1998-11-15,6.0,3.2464,1998,"Comedy, Family, Drama, Fantasy",Fantasy Epic
76285,Percy Jackson: Sea of Monsters,2013-08-07,6.0,5.79,2013,"Adventure, Family, Fantasy",Fantasy Epic
311324,The Great Wall,2016-12-16,6.0,9.3281,2016,"Action, Adventure, Fantasy",Sword and Sorcery
735697,Incredible But True,2022-06-15,6.0,1.1484,2022,"Comedy, Fantasy",Fantasy Epic
542224,Gretel & Hansel,2020-01-30,6.0,5.7921,2020,"Horror, Fantasy",Dark Fantasy
10353,The Visitors II: The Corridors of Time,1998-02-11,6.0,2.1643,1998,"Comedy, Fantasy",Fantasy Epic
527261,The Silence,2019-05-16,6.0,6.3541,2019,"Horror, Drama, Thriller, Fantasy",Dark Fantasy
9564,Asterix and Obelix vs. Caesar,1999-02-03,6.0,3.5718,1999,"Family, Adventure, Comedy, Fantasy",Fantasy Epic
198287,After the Dark,2013-07-06,6.0,4.7997,2013,"Drama, Fantasy, Sci-Fi, Thriller",Dark Fantasy
274854,The Last Witch Hunter,2015-10-21,6.0,11.1446,2015,"Action, Adventure, Fantasy",Sword and Sorcery
24795,Angels in the Outfield,1994-07-15,6.0,6.1386,1994,"Comedy, Family, Fantasy",Fantasy Epic
9021,The Santa Clause 2,2002-09-29,6.0,5.5924,2002,"Fantasy, Comedy, Family",Fantasy Epic
9997,Gabriel,2007-11-15,6.0,4.8778,2007,"Fantasy, Horror, Action, Sci-Fi",Dark Fantasy
209112,Batman v Superman: Dawn of Justice,2016-03-23,6.0,16.3321,2016,"Action, Adventure, Fantasy",Sword and Sorcery
18239,The Twilight Saga: New Moon,2009-11-18,6.0,13.5466,2009,"Adventure, Fantasy, Drama, Romance",Fantasy Epic
58595,Snow White and the Huntsman,2012-05-30,6.0,8.4816,2012,"Adventure, Fantasy, Drama",Fantasy Epic
12994,The Nines,2007-01-21,6.0,4.9682,2007,"Drama, Fantasy, Thriller",Dark Fantasy
49730,Red Riding Hood,2011-03-10,6.0,8.0101,2011,"Thriller, Drama, Fantasy, Horror, Romance",Dark Fantasy
19724,Imagine That,2009-06-19,6.0,4.7638,2009,"Family, Comedy, Fantasy",Fantasy Epic
8698,The League of Extraordinary Gentlemen,2003-07-11,6.0,6.5924,2003,"Fantasy, Action, Thriller, Sci-Fi",Dark Fantasy
266647,Pan,2015-09-24,6.0,6.6265,2015,"Fantasy, Adventure, Family, Action",Fantasy Epic
12556,Ghosts of Girlfriends Past,2009-05-01,6.0,4.6087,2009,"Romance, Comedy, Fantasy",Fantasy Epic
615677,We Can Be Heroes,2020-12-25,6.0,9.9772,2020,"Family, Action, Fantasy, Comedy",Fantasy Epic
1022964,Candy Cane Lane,2023-11-29,5.9,5.8073,2023,"Comedy, Fantasy, Family",Fantasy Epic
9597,Vidocq,2001-09-18,5.9,1.8968,2001,"Fantasy, Action, Thriller, Crime, Sci-Fi",Dark Fantasy
14248,Igor,2008-09-19,5.9,4.8318,2008,"Animation, Comedy, Family, Fantasy, Horror",Dark Fantasy
10488,Nim's Island,2008-04-03,5.9,5.4508,2008,"Adventure, Comedy, Family, Fantasy",Fantasy Epic
7091,Vampire's Kiss,1989-06-02,5.9,4.7192,1989,"Comedy, Horror, Crime, Fantasy",Dark Fantasy
4923,Zardoz,1974-02-06,5.9,5.0764,1974,"Fantasy, Action, Thriller, Sci-Fi",Dark Fantasy
354251,Southbound,2015-09-17,5.9,5.6849,2015,"Fantasy, Thriller, Horror, Sci-Fi",Dark Fantasy
68728,Oz the Great and Powerful,2013-03-07,5.9,7.9479,2013,"Fantasy, Adventure, Family",Fantasy Epic
39345,Casper Meets Wendy,1998-09-10,5.9,4.8906,1998,"Family, Fantasy, Comedy",Fantasy Epic
13477,When in Rome,2010-01-29,5.9,4.9355,2010,"Comedy, Fantasy, Romance",Fantasy Epic
487083,Paradise Hills,2019-08-29,5.9,3.4466,2019,"Fantasy, Sci-Fi, Thriller",Dark Fantasy
526896,Morbius,2022-03-30,5.9,8.9895,2022,"Action, Sci-Fi, Fantasy",Sword and Sorcery
297761,Suicide Squad,2016-08-03,5.9,10.8639,2016,"Action, Adventure, Fantasy",Sword and Sorcery
45649,Rubber,2010-11-09,5.9,2.6804,2010,"Comedy, Drama, Fantasy, Horror",Dark Fantasy
18823,Clash of the Titans,2010-03-26,5.9,8.8893,2010,"Adventure, Fantasy, Action",Sword and Sorcery
258489,The Legend of Tarzan,2016-06-29,5.9,10.3222,2016,"Fantasy, Action, Adventure",Sword and Sorcery
9406,An American Werewolf in Paris,1997-05-29,5.9,5.6001,1997,"Horror, Comedy, Fantasy",Dark Fantasy
346672,Underworld: Blood Wars,2016-11-24,5.9,9.0369,2016,"Fantasy, Action, Thriller, Sci-Fi, Horror",Dark Fantasy
62764,Mirror Mirror,2012-03-15,5.9,6.0686,2012,"Adventure, Comedy, Family, Fantasy",Fantasy Epic
846422,The Old Guard 2,2025-07-01,5.9,7.2026,2025,"Action, Fantasy",Sword and Sorcery
375588,Robin Hood,2018-11-03,5.9,6.5696,2018,"Adventure, Action, Thriller, Fantasy",Dark Fantasy
1995,Lara Croft: Tomb Raider,2001-06-15,5.9,8.4925,2001,"Adventure, Action, Fantasy",Sword and Sorcery
423949,Unicorn Store,2017-09-11,5.9,5.3645,2017,"Fantasy, Drama, Comedy",Fantasy Epic
22894,Legion,2010-01-21,5.9,10.2837,2010,"Action, Fantasy, Horror",Dark Fantasy
10280,Thinner,1996-10-25,5.9,6.3733,1996,"Fantasy, Horror",Dark Fantasy
1884,The Ewok Adventure,1984-12-21,5.9,4.7969,1984,"Adventure, Family, Fantasy, Sci-Fi",Fantasy Epic
9312,Mortal Kombat,1995-08-18,5.9,8.3661,1995,"Action, Fantasy",Sword and Sorcery
9070,Mighty Morphin Power Rangers: The Movie,1995-06-30,5.9,5.5081,1995,"Action, Adventure, Sci-Fi, Fantasy",Sword and Sorcery
81005,Jack the Giant Slayer,2013-02-27,5.9,10.6479,2013,"Fantasy, Action, Adventure, Drama",Sword and Sorcery
238215,The Cobbler,2014-09-11,5.9,3.1826,2014,"Fantasy, Comedy, Drama",Fantasy Epic
49524,R.I.P.D.,2013-07-18,5.9,7.432,2013,"Fantasy, Action, Comedy",Sword and Sorcery
38321,Priest,2011-05-05,5.9,9.863,2011,"Action, Fantasy, Horror",Dark Fantasy
4442,The Brothers Grimm,2005-08-26,5.8,6.9425,2005,"Adventure, Fantasy, Action, Comedy, Thriller",Dark Fantasy
24418,Cirque du Freak: The Vampire's Assistant,2009-10-23,5.8,6.949,2009,"Adventure, Fantasy, Action, Thriller",Dark Fantasy
9678,Little Nicky,2000-11-10,5.8,7.1478,2000,"Comedy, Fantasy",Fantasy Epic
9824,Mystery Men,1999-08-06,5.8,5.671,1999,"Adventure, Fantasy, Action, Comedy, Sci-Fi",Sword and Sorcery
6477,Alvin and the Chipmunks,2007-12-13,5.8,9.7152,2007,"Comedy, Family, Fantasy, Animation",Fairy Tale
11451,Herbie Fully Loaded,2005-06-19,5.8,6.9386,2005,"Comedy, Family, Adventure, Fantasy, Romance",Fantasy Epic
957452,The Crow,2024-08-21,5.8,8.0635,2024,"Action, Fantasy, Horror",Dark Fantasy
9304,Multiplicity,1996-07-19,5.8,3.9653,1996,"Comedy, Fantasy, Sci-Fi, Romance",Fantasy Epic
322240,Nine Lives,2016-08-03,5.8,5.1481,2016,"Fantasy, Comedy, Family",Fantasy Epic
46261,Don't Be Afraid of the Dark,2010-11-06,5.8,5.8018,2010,"Fantasy, Horror, Thriller",Dark Fantasy
9738,Fantastic Four,2005-06-29,5.8,10.1561,2005,"Action, Fantasy, Sci-Fi",Sword and Sorcery
13836,Race to Witch Mountain,2009-03-13,5.8,3.4951,2009,"Adventure, Family, Fantasy, Sci-Fi, Thriller, Action",Dark Fantasy
353491,The Dark Tower,2017-08-03,5.8,4.6184,2017,"Fantasy, Action, Sci-Fi",Sword and Sorcery
34636,The NeverEnding Story II: The Next Chapter,1990-10-25,5.8,2.7272,1990,"Family, Fantasy, Adventure, Drama",Fantasy Epic
42949,Arthur 3: The War of the Two Worlds,2010-08-22,5.8,2.3816,2010,"Animation, Adventure, Fantasy, Family",Fairy Tale
9906,The Ant Bully,2006-07-28,5.8,4.0783,2006,"Fantasy, Adventure, Animation, Comedy, Family",Fairy Tale
45650,The Hole,2009-09-12,5.8,1.9735,2009,"Thriller, Adventure, Fantasy",Dark Fantasy
72331,Abraham Lincoln: Vampire Hunter,2012-06-20,5.8,4.8039,2012,"Action, Fantasy, Horror",Dark Fantasy
539537,Fantasy Island,2020-02-12,5.8,2.7974,2020,"Adventure, Fantasy, Horror",Dark Fantasy
224141,Into the Woods,2014-12-24,5.8,3.9256,2014,"Fantasy, Comedy",Fantasy Epic
41513,The Smurfs,2011-07-29,5.8,5.7616,2011,"Animation, Family, Adventure, Comedy, Fantasy",Fairy Tale
57165,Wrath of the Titans,2012-03-28,5.8,5.0769,2012,"Fantasy, Adventure, Action",Sword and Sorcery
370567,Sherlock Gnomes,2018-03-15,5.8,3.3865,2018,"Animation, Family, Fantasy, Comedy, Adventure",Fairy Tale
1996,Lara Croft: Tomb Raider - The Cradle of Life,2003-07-21,5.8,5.1213,2003,"Adventure, Action, Fantasy",Sword and Sorcery
223702,Sausage Party,2016-07-11,5.8,6.5025,2016,"Adventure, Animation, Comedy, Fantasy",Fantasy Epic
77931,The Smurfs 2,2013-07-30,5.8,4.4936,2013,"Fantasy, Family, Comedy, Animation",Fairy Tale
10599,Pinocchio,2002-10-11,5.8,2.4008,2002,"Comedy, Family, Fantasy",Fantasy Epic
26505,Arthur and the Revenge of Maltazard,2009-11-26,5.7,2.9873,2009,"Adventure, Fantasy, Animation, Family",Fairy Tale
440597,Wish Upon,2017-07-07,5.7,3.1091,2017,"Horror, Thriller, Fantasy",Dark Fantasy
11649,Masters of the Universe,1987-08-07,5.7,4.0734,1987,"Action, Fantasy, Sci-Fi, Adventure, Thriller",Dark Fantasy
312831,The Hallow,2015-11-06,5.7,1.9286,2015,"Horror, Fantasy",Dark Fantasy
3050,Doctor Dolittle,1998-06-26,5.7,4.6142,1998,"Comedy, Family, Fantasy",Fantasy Epic
2928,Michael,1996-12-25,5.7,3.103,1996,"Comedy, Drama, Fantasy",Fantasy Epic
55301,Alvin and the Chipmunks: Chipwrecked,2011-12-14,5.7,6.395,2011,"Comedy, Fantasy, Family, Animation",Fairy Tale
167810,Lost River,2015-04-08,5.7,2.4654,2015,"Drama, Fantasy, Thriller",Dark Fantasy
20856,Aliens in the Attic,2009-07-30,5.7,3.0917,2009,"Adventure, Comedy, Family, Fantasy, Sci-Fi",Fantasy Epic
205584,Gods of Egypt,2016-02-25,5.7,7.7566,2016,"Action, Adventure, Fantasy",Sword and Sorcery
10756,The Haunted Mansion,2003-11-26,5.7,3.6194,2003,"Thriller, Fantasy, Comedy, Family",Dark Fantasy
23398,Alvin and the Chipmunks: The Squeakquel,2009-12-21,5.7,6.5348,2009,"Comedy, Family, Animation, Fantasy",Fairy Tale
9327,The Nutty Professor,1996-06-28,5.6,4.2746,1996,"Fantasy, Comedy, Romance, Sci-Fi",Fantasy Epic
14239,Cool World,1992-07-10,5.6,3.1826,1992,"Animation, Comedy, Fantasy",Fantasy Epic
420950,Alone,2017-02-08,5.6,2.128,2017,"Fantasy, Sci-Fi, Horror, Family",Dark Fantasy
9703,The Last Legion,2007-04-19,5.6,3.1184,2007,"Action, Adventure, Fantasy",Sword and Sorcery
10610,The Medallion,2003-08-15,5.6,4.0939,2003,"Thriller, Fantasy, Action, Comedy",Dark Fantasy
1091181,Family Pack,2024-10-22,5.6,2.787,2024,"Adventure, Comedy, Fantasy, Action, Family",Fantasy Epic
457943,Slaughterhouse Rulez,2018-10-31,5.6,2.4977,2018,"Comedy, Horror, Action, Fantasy",Dark Fantasy
9334,The Scorpion King,2002-04-18,5.6,5.2579,2002,"Action, Adventure, Fantasy",Sword and Sorcery
1250,Ghost Rider,2007-01-15,5.6,10.8379,2007,"Thriller, Action, Fantasy",Dark Fantasy
602211,Fatman,2020-10-19,5.6,3.2738,2020,"Action, Fantasy, Comedy",Sword and Sorcery
2698,Evan Almighty,2007-06-09,5.6,4.8431,2007,"Fantasy, Comedy, Family",Fantasy Epic
9954,The Covenant,2006-09-07,5.6,5.322,2006,"Fantasy, Horror, Adventure, Action",Dark Fantasy
456740,Hellboy,2019-04-10,5.6,4.9357,2019,"Fantasy, Horror, Action, Adventure",Dark Fantasy
16300,Down to Earth,2001-02-16,5.6,2.7027,2001,"Fantasy, Comedy, Romance",Fantasy Epic
74461,Knights of Badassdom,2014-01-21,5.6,2.0467,2014,"Adventure, Fantasy, Horror, Comedy",Dark Fantasy
13025,Diary of the Dead,2007-05-26,5.6,2.2585,2007,"Horror, Fantasy, Sci-Fi, Thriller",Dark Fantasy
9697,Lady in the Water,2006-07-19,5.6,2.4442,2006,"Drama, Fantasy",Fantasy Epic
421792,Down a Dark Hall,2018-08-01,5.5,2.3443,2018,"Horror, Thriller, Fantasy, Drama",Dark Fantasy
6589,Underdog,2007-08-03,5.5,3.6073,2007,"Family, Action, Adventure, Comedy, Fantasy, Sci-Fi",Fantasy Epic
47327,Drive Angry,2011-02-24,5.5,6.1183,2011,"Fantasy, Thriller, Action, Crime",Dark Fantasy
475430,Artemis Fowl,2020-05-29,5.5,4.7388,2020,"Adventure, Fantasy, Sci-Fi, Family",Fantasy Epic
23047,Season of the Witch,2011-01-07,5.5,4.9232,2011,"Adventure, Fantasy, Action",Sword and Sorcery
282035,The Mummy,2017-06-06,5.5,11.5731,2017,"Fantasy, Thriller, Action, Adventure, Horror",Dark Fantasy
68737,Seventh Son,2014-12-12,5.5,5.0562,2014,"Adventure, Fantasy",Fantasy Epic
1735,The Mummy: Tomb of the Dragon Emperor,2008-07-01,5.5,13.5055,2008,"Adventure, Action, Fantasy",Sword and Sorcery
46441,Mirrors 2,2010-10-18,5.5,1.6884,2010,"Horror, Fantasy",Dark Fantasy
11817,Bulletproof Monk,2003-03-28,5.5,3.4119,2003,"Action, Comedy, Fantasy",Sword and Sorcery
10546,The Crow: City of Angels,1996-08-29,5.5,1.9236,1996,"Action, Fantasy, Thriller",Dark Fantasy
1499,Teenage Mutant Ninja Turtles III,1993-03-17,5.5,3.2855,1993,"Action, Adventure, Comedy, Family, Fantasy, Sci-Fi",Fantasy Epic
7840,"10,000 BC",2008-03-04,5.5,5.008,2008,"Adventure, Action, Drama, Fantasy",Sword and Sorcery
9067,Tank Girl,1995-03-31,5.5,2.8274,1995,"Action, Comedy, Sci-Fi, Fantasy",Sword and Sorcery
19585,G-Force,2009-07-24,5.5,4.5401,2009,"Family, Fantasy, Action, Adventure, Comedy",Fantasy Epic
11618,The Haunting,1999-07-23,5.5,3.6814,1999,"Horror, Thriller, Fantasy",Dark Fantasy
63207,Intruders,2011-09-12,5.5,1.4439,2011,"Thriller, Horror, Fantasy",Dark Fantasy
23023,Tooth Fairy,2010-01-14,5.5,4.8835,2010,"Comedy, Family, Fantasy",Fantasy Epic
76757,Jupiter Ascending,2015-02-04,5.5,9.8046,2015,"Sci-Fi, Fantasy, Action",Sword and Sorcery
414,Batman Forever,1995-06-16,5.5,6.0306,1995,"Action, Crime, Fantasy",Sword and Sorcery
2274,The Seeker: The Dark Is Rising,2007-10-05,5.4,2.339,2007,"Adventure, Drama, Fantasy, Family, Thriller",Dark Fantasy
530081,The Man Who Killed Hitler and Then the Bigfoot,2019-02-08,5.4,2.1093,2019,"Drama, Adventure, Fantasy, Sci-Fi",Fantasy Epic
10336,Spawn,1997-07-31,5.4,4.6449,1997,"Action, Adventure, Fantasy, Horror, Sci-Fi, Thriller",Dark Fantasy
420808,Peter Pan & Wendy,2023-04-20,5.4,5.2634,2023,"Family, Fantasy, Action, Adventure",Fantasy Epic
10658,Howard the Duck,1986-08-01,5.4,2.9639,1986,"Fantasy, Comedy, Action, Adventure, Romance, Sci-Fi",Sword and Sorcery
426285,Fullmetal Alchemist,2017-12-01,5.4,2.8882,2017,"Fantasy, Action, Sci-Fi, Adventure",Sword and Sorcery
10992,Cats & Dogs,2001-06-23,5.4,3.3533,2001,"Family, Comedy, Action, Adventure, Fantasy",Fantasy Epic
888,The Flintstones,1994-05-27,5.4,7.9418,1994,"Fantasy, Comedy, Family",Fantasy Epic
9626,Red Sonja,1985-04-09,5.4,3.6066,1985,"Adventure, Fantasy, Action",Sword and Sorcery
11469,Black Knight,2001-11-21,5.4,3.3154,2001,"Comedy, Fantasy, Adventure",Fantasy Epic
43074,Ghostbusters,2016-07-14,5.3,6.4161,2016,"Action, Fantasy, Comedy",Sword and Sorcery
38319,Your Highness,2011-04-08,5.3,3.2177,2011,"Comedy, Fantasy, Adventure, Action, Romance",Sword and Sorcery
10808,Dr. Dolittle 2,2001-06-22,5.3,3.7316,2001,"Comedy, Family, Romance, Fantasy",Fantasy Epic
37430,Conan the Barbarian,2011-08-17,5.3,5.0015,2011,"Adventure, Fantasy, Action",Sword and Sorcery
634492,Madame Web,2024-02-14,5.3,7.8943,2024,"Action, Fantasy",Sword and Sorcery
10588,The Cat in the Hat,2003-11-21,5.3,4.2758,2003,"Family, Comedy, Adventure, Fantasy",Fantasy Epic
9480,Daredevil,2003-02-14,5.3,7.1836,2003,"Fantasy, Action",Sword and Sorcery
11597,Toys,1992-12-18,5.3,2.2813,1992,"Fantasy, Comedy, Sci-Fi",Fantasy Epic
9651,Supergirl,1984-07-01,5.3,2.7025,1984,"Adventure, Fantasy, Action, Sci-Fi",Sword and Sorcery
2395,Asterix at the Olympic Games,2008-01-25,5.2,4.0692,2008,"Fantasy, Adventure, Comedy, Family",Fantasy Epic
38745,Gulliver's Travels,2010-12-23,5.2,3.7884,2010,"Family, Comedy, Adventure, Fantasy",Fantasy Epic
39691,Cats & Dogs: The Revenge of Kitty Galore,2010-07-29,5.2,2.3213,2010,"Family, Adventure, Comedy, Fantasy, Action",Fantasy Epic
592831,Megalopolis,2024-09-25,5.2,3.9559,2024,"Sci-Fi, Drama, Fantasy",Fantasy Epic
302349,Iron Sky: The Coming Race,2019-01-25,5.2,2.4823,2019,"Action, Comedy, Fantasy, Sci-Fi",Sword and Sorcery
1087822,Hellboy: The Crooked Man,2024-08-29,5.2,4.0912,2024,"Fantasy, Horror, Action",Dark Fantasy
2486,Eragon,2006-12-14,5.1,5.7693,2006,"Fantasy, Action, Adventure, Family",Fantasy Epic
18843,Dr. Dolittle 3,2006-04-25,5.1,2.2259,2006,"Comedy, Family, Fantasy",Fantasy Epic
9722,Bewitched,2005-06-21,5.1,3.4867,2005,"Comedy, Fantasy, Romance",Fantasy Epic
12158,Vampire in Brooklyn,1995-10-26,5.1,1.3671,1995,"Comedy, Horror, Romance, Fantasy",Dark Fantasy
5393,Happily N'Ever After,2007-01-05,5.1,2.779,2007,"Adventure, Animation, Comedy, Family, Fantasy",Fairy Tale
407451,A Wrinkle in Time,2018-03-08,5.1,2.5539,2018,"Adventure, Sci-Fi, Family, Fantasy",Fantasy Epic
